user_id,昵称,性别,所在地,是否认证,认证信息,微博数,粉丝数,关注数
2913875195,Ma马增杰,m,甘肃 平凉,True,平凉新世纪工贸开发集团项目经理,225,517,222
3044820255,再勋,m,浙江,False,,14174,448,3961
3060706791,海鲜宝贝喵,m,北京 朝阳区,True,北京科海上品海鲜宝贝喵创始人兼董事长 互联网科技博主,7136,15461,1196
1885857703,飞翔的大树l,m,北京,False,,811,1338,867
1962787713,健康广东,m,广东,True,广东省卫生健康委员会官方微博,20534,995452,486
6614014068,每日来看新鲜事儿,f,北京,True,视频博主,3916,85518,10
7495430308,zhaozhengge950,f,其他,False,,30831,17,13051
6693923203,你嘻真的忙,f,上海,False,,1591,100,210
1623404035,泡泡Pisces,f,海外,True,知名财经博主,30271,2733468,405
7518463457,金银滩回忆,f,青海,True,青海泰治商贸有限公司 销售经理,3953,308,939
1661910033,最后一支多巴胺,m,江苏 苏州,True,知名健康博主,25628,1178283,1229
1618051664,头条新闻,f,北京,True,24小时播报热点资讯,207267,102918589,1638
2309482513,大连新闻网,m,辽宁 大连,True,大连新闻网dlxww.com官方微博,26681,100105,153
3567412270,抚州临川发布,f,江西,True,抚州市临川区融媒体中心（抚州市临川区广播电视台）微博,87990,258903,230
6525762645,Shmily琴花,m,其他,False,,153,47,325
3151530492,西安讯点,m,陕西,True,本地资讯博主（西安） 资讯视频自媒体,14622,357168,1677
5550357934,动静贵州,m,贵州 贵阳,True,贵州广播电视台新闻中心,18254,236392,176
1699540307,中国之声,m,北京,True,中央广播电视总台广播新闻综合频率,133959,28424166,1380
3804173419,各界导报社官微,m,陕西 西安,True,各界导报官方微博,87871,103801,124
3944104712,兴国发布,m,江西,True,江西省兴国县融媒体中心,8601,3809,147
2258950131,胃肠外科童教授,m,重庆,True,健康博主 重庆大坪医院胃肠外科教授、主任医师,1635,22468,480
1891503444,西安日报,f,陕西 西安,True,西安日报官方微博,84274,691696,426
2197723802,陕西省文化和旅游厅,m,陕西,True,陕西省文化和旅游厅官方微博,26206,1659014,511
2208160981,西安新闻网,m,陕西 西安,True,西安新闻网官方微博 http://www.xiancn.com/,68235,179506,103
5234818292,小龙察观,m,山东,True,超话小主持人（医疗建设者超话）,682,21614,300
2890456772,三秦二三事,m,陕西,True,互联网科技博主 超话主持人（三秦二三事超话）,3024,119165,1707
1887061420,广涉广播站,f,广东 广州,False,,4175,2955,564
3757167087,西安发布,m,陕西 西安,True,西安市互联网信息办公室官方微博,89770,1512730,440
5134043072,直通屏山,f,福建 福州,True,东南网旗下直通屏山官方微博,50895,50077,653
6204686537,记得努力奔跑,f,海南 三亚,True,超话粉丝大咖（肖战超话）,3952,1751,1713
1641532820,南都周刊,m,广东 广州,True,南都周刊官方微博,44970,9602604,445
2985052662,志愿者李仕铭,m,湖南,True,超话粉丝大咖（点亮志愿者超话）,58894,33759,803
5577020472,大西安那点事儿,f,陕西,True,本地资讯博主（西安） 头条文章作者,16648,585887,647
1935474455,新闻110,m,福建,True,福州广播电视台《新闻110》官方微博,9525,417113,591
2985120944,青春昌都,m,西藏,True,中国共产主义青年团昌都市委员会官方微博,7244,25163,818
3719069393,傻子笙歌,m,北京,False,,21831,1702410,198
2904113697,姆们说,f,北京,True,知名公益博主,29048,165124,1618
6648213043,灵霸200208,m,其他,False,,8,15,11
2780457263,你能不能多见见世面,m,北京 东城区,True,知名娱乐博主,51910,4129876,274
7504294874,秒闻视频,m,湖南,True,《秒闻视频》微博官方账号,3413,6635,3
1669099977,玛丽苏说她没有我苏,f,其他,False,,3921,218,301
5324769120,西安商网,f,陕西 西安,True,西安商网官方微博,42915,346065,850
1931537432,泌外吴姑娘,f,海外,True,泌尿外科医生 微博原创视频博主,1270,48294,274
7214110652,毕节政法,m,贵州 毕节,True,中国共产党毕节市委员会政法委员会官方微博,18263,1006,269
5776002175,天马行空0351,m,其他,False,,3041,11,17
1665372060,Blanche5050,f,浙江,True,前   抚顺市盛兴劳务有限公司财务经理 职场博主 头条文章作者,21741,14255,342
2622931881,军威长风,m,河北 石家庄,True,互联网科技博主 头条文章作者,133463,8372,1479
1765896480,民生周刊,f,,True,人民日报社《民生周刊》杂志法人微博,14674,1159673,254
5646492165,似乎也许大概可能是吧,m,陕西 西安,False,,8105,473,1265
1743197662,萝萝子是喵喵大魔王呀,m,其他,True,游戏博主,58600,5134,1356
2259661342,新浪江苏,f,江苏,True,新浪江苏官方微博，新浪看点江苏站官方微博,66372,2000554,4908
1648923432,大师罗莊,f,云南 昆明,False,,10011,800,53
2669658313,新浪甘肃,f,甘肃 兰州,True,新浪甘肃官方微博,18328,437843,444
2157873895,陈超军,m,北京 东城区,True,2019年中国好网民优秀故事及作品展示活动热度话题奖项获得者 头条文章作者,36574,2890037,1392
1595350425,指尖_韶华,f,福建 泉州,False,,829,219,435
5607499943,中国好网民,m,北京,True,“中国好网民”系列活动官方微博,25456,602398,745
3545864881,蚌埠新闻联播,m,安徽 蚌埠,True,蚌埠电视台新闻频道蚌埠新闻联播栏目,30015,166089,199
1270750184,微博禁毒第一人马霄,m,广西 百色,True,广西百色禁毒民警马霄 头条文章作者,113762,3448679,1952
2996559480,要吐请深吐,f,辽宁,False,,59493,2112,410
1647486362,上帝之鹰_5zn,m,福建 福州,True,译员，代表作有《迦太基必须毁灭》等 军事博主,65794,2370899,587
5913237536,吾春池嫣韵,m,辽宁 抚顺,False,,19498,767,2853
7510175920,阮秋知,f,其他,False,,16,8,27
6584183713,皮眼看世界,m,上海,False,,2636,161,503
7070784905,沧海999meihao,m,北京,False,,18469,271,7175
7442821709,公平正义san南cun,m,陕西,False,,312,1589,5723
6017389023,四川泌尿外科医院,m,,True,四川泌尿外科医院官方微博,1902,53338,271
7093637666,精分专员bot,m,其他,True,搞笑幽默博主 视频博主,5314,131239,54
7414632779,老来福护理中心,m,河北,True,河北宏达卫生用品有限公司官方微博,471,1160,113
1861477054,何天恩,m,浙江,True,知名财经博主,200576,2950032,7542
6664342769,雪莹娱乐,m,河北,True,视频博主,2476,142,150
1797237782,美丽开远,m,云南 红河,True,开远市融媒体中心官方微博,11307,98149,121
1649470535,中金在线,m,福建,True,中金在线官方微博,12553,1251840,743
2757691921,江西共青团,f,江西,True,共青团江西省委员会官方微博,36578,578858,675
1399164835,大侦探夏尔摩斯,m,浙江 杭州,True,互联网科技博主,17626,2222,1548
5617030710,玛卿天域虫草堂,m,其他,False,,552,969,5534
5661566460,中国宣汉,m,四川,True,四川省达州市宣汉县人民政府官方微博,38752,8302,278
1885637912,中国宁波网,f,浙江 宁波,True,中国宁波网官方微博,51198,737700,631
1712306401,华美紫馨-董玉林,m,陕西,True,整形外科医师,1689,13408,251
2673559173,南昌县发布,m,江西,True,南昌县融媒体中心,62419,368835,317
1747173625,郑州新闻广播,m,河南 郑州,True,郑州电台新闻广播官方微博、声动中国最受欢迎电台,106056,630757,661
3889809204,清风普法,m,河北 邢台,True,河北省邢台市襄都区司法局官方微博,39500,8712,214
6558019878,桃子冰淇淋1,f,河北,False,,6506,46,740
2108118305,北部湾在线,m,广西,True,广西广播电视台【北部湾在线新媒体】官方微博,50138,752665,290
3805885922,等待的追赶,m,其他,False,,11,33,91
7516945086,深圳云开调查,m,广东 深圳,False,,601,10756,1213
2665177402,朱长元,m,上海,True,解放日报报业集团发行中心主任 爱微藏签约名家 知名文玩收藏博主 头条文章作者,48886,75674,1345
2079751412,辽宁共青团,m,辽宁,True,共青团辽宁省委员会官方微博,47446,1904568,326
3561568133,青羊检察,m,四川 成都,True,成都市青羊区人民检察院官方微博,52968,20210,500
7302431001,快看,f,北京,True,新华社快看官方微博,12032,2090206,181
1909377960,第一新闻,f,陕西 西安,True,陕西电视台第一新闻栏目官方微博,145767,4365776,1377
6751444002,赞波的姐姐,m,陕西,False,,34,16,52
2491091534,精准预防医学,m,广东 广州,False,,389,7732,109
1932207161,一口红丝绒再加一口小酸奶,f,江苏 苏州,False,,573,282,295
3939923661,赣州市中级人民法院,m,江西,True,江西省赣州市中级人民法院官方微博,11083,17248,201
2780297340,医学界网站,m,上海,True,医学界网站官方微博,20400,2558465,1747
2615417307,凤凰网,m,北京,True,凤凰网官方微博,39299,20399459,800
1999159005,玻璃心的小鸡,m,上海 嘉定区,False,,3358,316,1177
6082095796,我有冰水,f,贵州 黔南,False,,3267,275,1188
5949128614,不上岸我就去死,m,其他,False,,612,467,93
2359019222,山西全媒体中心,m,山西,False,,5321,3392,56
1658951274,新华播报肖华,m,北京,True,南京微博名人汇成员、前新华月报网副总编辑,80027,1173364,422
3229962754,陕视新闻,m,陕西 西安,True,陕西广播电视台新闻中心采访部,123163,4232406,1401
2880520894,黄建杰医生,m,福建,True,妇产科住院医师,814,117857,184
3969986622,闫煜梵,f,河北 石家庄,False,,1071,336,145
7333460957,夏至梦桃,f,海外 罗马尼亚,False,,3287,2,201
5993531560,中新经纬,m,北京,True,中新经纬官方微博,45636,10697381,2484
5705593368,止匕木三金,f,陕西 西安,False,,197,292,698
2640948791,看沁阳,f,河南 焦作,True,河南省沁阳市委宣传部官方微博,13213,25810,319
1142648704,鲁国平先生,m,上海,True,专栏作家，媒体人，新浪名博，微博区域专家团专家,93244,1777664,2969
2749223307,甜却不粘牙的小年糕,f,其他,False,,11300,428,564
1694889223,五星鏈君_田中今天畫明糸了嗎,m,广东,False,,48201,1546,1144
6495716100,重炮君,f,上海,True,搞笑视频自媒体 搞笑幽默博主,3718,42924,128
5384771805,黄西炮,m,海外,True,搞笑幽默博主 超话主持人（黄西炮超话）,9684,1221826,1505
5182163938,建德检察,m,浙江 杭州,True,浙江省建德市人民检察院官方微博,17840,2163,541
7358072814,深藏blue的废话篓子,m,其他,False,,1586,11,251
1791010393,微微万象民生直通车A,m,山东 济南,True,知名法律博主 视频自媒体,164244,835390,292
1672904477,种花家的兔子浪,f,其他,True,超话粉丝大咖（黄子韬超话）,57729,632,255
1834772291,嘟嘟嘟6552,f,陕西 西安,False,,901,95,582
2328706770,東方蜘蛛LovingGor,m,香港 其他,False,,7599,29925,782
1051292340,新蜜蜂alex182,m,北京,True,知名军事博主,110748,4936263,1018
7455667402,疯狂小匹夫,f,广东,False,,3873,19009,311
5404701868,管埋人员,f,四川 宜宾,False,,32389,162,624
2797504397,咸阳一枝笔,m,陕西 西安,False,,89,11595,504
2663751563,南京广播电视台,m,江苏 南京,True,南京广播电视集团（台）官方微博,35492,769402,1090
1036713140,杭州网,f,浙江 杭州,True,杭州网官方微博,123714,1822344,609
1844694970,new雨后阳光,f,广东 广州,False,,5428,1250,280
1847123567,香港商報網,m,香港 观塘区,True,香港商报和香港商报网的官方微博,198851,1736914,395
1726918143,中国青年报,f,北京 东城区,True,中国青年报•中青在线微博,101478,17158126,2255
2427989561,河北共青团,m,河北,True,共青团河北省委员会官方微博,68807,857067,1945
3811261522,鹰潭发布,m,江西,True,江西省鹰潭市人民政府新闻办官方微博,29588,81113,351
1033771023,水獭otter,m,其他,False,,43638,215490,352
5782114188,A股气氛组,f,上海 浦东新区,False,,47813,26477,158
5303340029,平川检察,m,甘肃 白银,True,甘肃省白银市平川区人民检察院官方微博,14954,2824,478
1749990115,北京青年报,m,北京 朝阳区,True,北京青年报官方微博,119569,13811811,1493
7091526133,荆楚名医汇,m,湖北,True,武汉新纬线文化发展有限公司官方微博,12648,25789,1148
2296236217,记者张小伟,m,陕西,True,媒体人（渭南）,8809,61382,1125
1973634817,贵州都市报,m,贵州,True,《贵州都市报》官方微博,63999,2652852,1357
1407156474,露叔-,m,上海 徐汇区,False,,71934,573,462
5803416260,brainnews脑科学新闻,m,海外 其他,True,知名科学科普博主 头条文章作者,21698,261283,469
1008746521,京城张宝,m,北京,True,北京市顺义区体育局副局长,113484,75473,4985
6105713761,红星新闻,f,四川 成都,True,成都传媒集团成都商报红星新闻 原创新闻类新媒体项目,51465,11294009,638
1989723775,南昌交通广播,m,江西 南昌,True,FM95.1南昌交通广播 Hi Radio,19943,234751,550
1644489953,南方都市报,m,广东,True,《南方都市报》官方,40203,18425279,637
1915671961,陕西都市快报,m,陕西 西安,True,陕西电视台《都市快报》官方微博,192075,2896153,725
5648628585,白龙江林区检察,m,甘肃,True,甘肃省白龙江林区人民检察院官方微博,25321,1582,252
1605203592,节操娘桃花子,f,上海 浦东新区,True,娱乐博主,67154,4063,993
1732112365,NOWnews今日新闻,f,北京,True,台湾网络媒体NOWnews官方微博,48920,523369,729
2162541102,新浪陕西,m,陕西,True,新浪陕西官方微博，新浪看点陕西站官方微博,80068,2179211,3424
6072764837,西安同城,m,陕西 西安,True,西安同城官方微博,19647,734467,654
3242792887,吉林日报,m,,True,《吉林日报》官方微博,94298,1066517,800
1676228365,都市条形码,m,云南 昆明,True,云南广播电视台都市频道官方微博,140899,1531287,870
7082172370,北岛的下雨天,f,云南,False,,3645,5616,484
3712903804,张三的歌J,f,北京 东城区,False,,2981,144,882
2950729391,波特涂儿,f,云南 曲靖,False,,5448,11046,1111
3183140852,金州检察,m,贵州,True,黔西南州人民检察院官方微博,13928,11460,557
2647971081,燕赵晚报,m,河北 石家庄,True,《燕赵晚报》官方微博,83754,3717269,941
3930794463,达州应急,m,四川,True,达州市应急管理局官方微博,15674,1839,333
6481500300,一点视频,m,云南,True,都市时报旗下视频账号,2837,279840,173
2106435821,栖霞视点,m,江苏 南京,True,江苏省南京市栖霞区委宣传部官方微博,56529,363259,220
1597004610,聊城共青团,f,山东 聊城,True,共青团聊城市委官方微博,13287,62046,391
2604704991,庆阳公安,m,甘肃 庆阳,True,甘肃省庆阳市公安局官方微博,36466,111353,225
1700720163,钱江晚报,m,浙江 杭州,True,钱江晚报官方微博,112172,6830281,450
1750553234,信息时报,f,广东 广州,True,信息时报官方微博,134952,3667431,362
3266943013,央视网,m,北京,True,央视国际网络有限公司,118668,14527791,507
5984524359,夜梦林中金蝶舞,f,辽宁,False,,2420,905,257
3215951873,千龙网中国首都网,m,北京 东城区,True,千龙网·中国首都网法人微博,93864,5557887,2899
1389537561,都市时报,m,云南,True,都市时报官方微博,106266,2522663,986
2490680680,晓风成语,m,湖北 武汉,False,,23707,1164,500
2531159485,抓药超人小李,f,河北,True,健康博主 微博故事原创作者,9401,108316,466
1685262231,福建新闻广播fm1036,f,福建 福州,True,福建新闻广播官方微博,57863,410573,475
2651153623,健康界,m,北京,True,健康界网站www.cn-healthcare.com官方微博,51705,2464310,2575
1041189345,猫爸老石,m,北京,True,中国医师协会美容与整形医师分会委员、三甲医院整形外科主治医师,4713,74673,224
5219097346,云水游YB,m,其他,False,,85,45,56
7357980827,媚瘦纤体,f,云南,True,云南媚瘦商贸有限公司官方微博,5920,223,442
1652484947,新快报,f,广东 广州,True,羊城晚报报业集团《新快报》官方微博,99148,26490216,475
1640601392,新浪视频,m,北京 海淀区,True,新浪视频官方微博,112370,16658861,1870
2025231343,北京人捍卫北京城,m,北京,True,知名本地博主 本地资讯博主（北京） 视频自媒体,62667,1047793,1479
7031350699,武汉微博健康,m,湖北,True,健康博主,6819,10671,1270
2394420684,邵阳日报,m,湖南,True,邵阳日报社官方微博,51167,427557,220
2710498342,无锡博报,m,江苏 无锡,True,无锡广播电视台新闻中心官方微博,80024,303596,1468
2051813070,千帆终过尽,f,湖北 宜昌,False,,3444,65,46
2880955990,凤凰网陕西,m,,True,凤凰网陕西,6197,117090,182
3227158622,山丹检察,m,甘肃 张掖,True,甘肃省张掖市山丹县人民检察院官方微博,22041,1692,676
1801817195,辽沈晚报,m,辽宁 沈阳,True,《辽沈晚报》官方微博,185050,5677770,2389
3198471403,云南日报,m,云南,True,云南日报,73868,855001,300
5447539008,收物的号啦啦啦,f,其他,False,,647,2,172
6393904893,燃新闻,m,北京,True,燃新闻官方微博,32944,2392647,386
2310663307,肥唐说,m,北京,True,娱乐博主 前   非常爱美工作室导演 超话主持人（唐戈的肥唐说超话） 头条文章作者,21674,295832,394
2925141777,全球新闻眼,m,北京,True,新浪新闻人文科普视频账号,31722,829678,747
1154814271,Qing,f,北京 海淀区,False,,67546,2805404,726
2060029603,小浪同学爱吐槽,f,北京 东城区,True,资讯视频自媒体,56286,2841170,205
1391607813,这里是北京,m,北京,False,,125,725,59
2332484022,毒哥的毒鸡汤,m,其他,False,,1074,14041,420
3179995944,嘎嘎的小羊,f,其他,False,,10538,122,851
1747522104,今日最新闻官方微博,f,广东 广州,True,广东广播电视台《今日最新闻》官方微博,45410,1833220,406
2268603763,西安直播,f,陕西,True,知名本地博主 本地资讯博主（西安）,77353,880993,1649
5524389794,你该去听网课了,m,其他,False,,432,4,140
2307239515,mlx123456,f,河北,False,,14031,137,604
7267528340,Ming_014,m,海外 澳大利亚,False,,2323,115,335
1898885525,生活报,m,黑龙江 哈尔滨,True,生活报官方微博,167198,7062878,1040
5592704247,文教艺在线,f,北京,True,中国东方文化研究会文教艺术专业委员会,84609,30638,110
2628470685,CDTV新闻中心,m,四川 成都,True,成都电视台新闻中心,67990,45649,271
2093235612,青淮狐,f,安徽 芜湖,True,娱乐博主,10824,1285,653
5479114163,痕迹好孩子,m,四川,False,,89,20,136
7480738841,Kanopee,f,其他,False,,1849,4,395
2372769390,彦_我需要静静,f,陕西 西安,False,,17465,179,603
2423757750,白衣山猫,m,浙江,True,前 浙江援疆外科副主任医师 健康博主 微博原创视频博主,7247,4464256,153
1836940467,四川法治报,m,四川,True,四川法治报官方微博,14373,112723,447
1879476167,看度新闻,m,四川,True,成都市广播电视台新媒体官方微博,34386,2582951,730
1906385094,浙视频,m,浙江,True,浙江日报报业集团浙视频官方微博,28332,1765876,955
1918960820,河北文艺广播,m,河北,True,河北文艺广播都市调频官方微博,36738,205074,1103
2041767163,叽里咕噜帕,f,北京 朝阳区,False,,10556,187,739
1804448022,廉丁丁,f,江苏 无锡,False,,8916,538,188
2865472804,鄞州检察,m,浙江 宁波,True,宁波市鄞州区人民检察院官方微博,6374,11426,185
5637065453,湖北新闻,f,湖北,True,湖北广电融媒体新闻中心官方微博,32405,716637,80
1686785965,环球时报-英文版,m,北京,True,环球时报英文版官方微博,82144,1009049,273
5960916876,石家庄微服务,m,河北,True,本地资讯博主（石家庄）,23351,369818,308
3205737053,红狐视界,m,福建 厦门,True,微博VLOG博主,936,13061,192
6083245339,贵溪发布,m,江西,True,贵溪市融媒体中心官方微博,99910,115300,759
5193731648,宝鸡检察,f,陕西 宝鸡,True,陕西省宝鸡市人民检察院官方微博,54788,21034,412
1663072851,中国日报,m,北京,True,China Daily 中国日报官方微博,143505,61471296,785
3984427597,一棵老芥菜,f,广东 韶关,False,,8042,794,116
1660452532,猫扑,f,北京,True,海南猫扑网唯一指定官方微博,139221,5297888,330
5209132096,青海网,f,青海 西宁,True,青海网官方微博,17076,93286,378
6504901486,V朝天微笑V,m,其他,False,,27065,94,335
1887344341,观察者网,m,上海 黄浦区,True,观察者网(www.guancha.cn)官方微博,133439,17188143,1232
5708562421,破产君指出,m,广东 广州,False,,3736,364,168
1641963713,富貴花錦,f,澳门 其他,False,,8053,580,733
6592692916,联播中国,f,北京,True,中国互联网新闻中心（中国网）联播频道的官方微博,8367,537110,241
5160807419,正义庄浪,m,甘肃 平凉,True,甘肃省平凉市庄浪县人民检察院官方微博,24109,929,560
2858196694,嗨森欢乐多,m,四川 成都,False,,12492,495,502
26247513,kadyec,m,广东 深圳,False,,27183,869,698
3469830734,空港融媒,f,四川,True,双流广播电视台官方微博,112321,330450,1529
5061982114,旬阳头条,f,陕西 安康,True,本地资讯博主（陕西-旬阳） 头条文章作者,24034,832124,438
2076255252,931郑州经济广播,m,河南,True,郑州人民广播电台FM93.1郑州经济广播官方微博,135799,451105,589
7009549392,去月球种树,f,陕西 西安,False,,991,12,65
6530798529,再见谷雨YU,m,其他,False,,21177,81,515
5559226446,太和检察,f,安徽 阜阳,True,安徽省太和县人民检察院官方微博,17604,2534,372
3180440500,小猪的二人世界,f,上海 静安区,False,,13131,754,729
6605135225,碎了的鸡蛋,f,北京,False,,6598,96,292
3742742487,nononononno,f,其他,False,,12738,707,2701
1574205700,麦兜小号,m,上海 浦东新区,False,,6304,468,195
2244395094,勺子漏了糖,f,江苏 苏州,False,,687,186,542
6155108225,麥琪蹄蹄,f,上海 黄浦区,False,,12204,256,743
1573766435,心盈2021,f,新疆 乌鲁木齐,False,,118093,150,357
2707988440,经常掉进坑里爬不上来的霸王老寡,f,江苏 南京,False,,4613,479,696
5711338701,微观大秦,m,陕西,True,知名本地博主 本地资讯博主（西安） 资讯视频自媒体,37115,3258475,2490
7452726085,芙拉米虫二代,m,四川,False,,2110,82,123
2787273822,等一个演唱会_MAMA,f,江西 赣州,False,,21709,365,350
3182391423,未央千年听雨眠,f,海外 丹麦,False,,24582,399,717
7399646214,走丢的难相处,f,福建,False,,12988,118,177
5944311708,榷稚猫新号,m,北京,False,,14603,14,5015
6810714519,转移客户,m,其他,False,,661,42,156
1863665130,暴走的机枪射手,f,其他,False,,14571,1219,804
1083691774,孤星赏月xp,m,浙江 丽水,False,,4826,527,514
6305904186,印兵爱晓靖,m,其他,False,,14538,122,373
7199775514,糖其其和苏噶是一个人唷,m,山东,False,,8917,40,59
6489194761,文明弃儿,m,广东 广州,False,,940,10,556
2438164205,暗香寶玛,f,浙江 金华,False,,717,20094,402
1261039664,李宾-Kevin,m,北京 朝阳区,False,,9045,9691,1051
1296084034,拉玛西亚老巫婆,f,海外,False,,30234,1724,847
5435862067,arter65270,m,其他,False,,4584,148,347
2173409861,猫猫的小心情,f,北京,False,,18910,507,998
1807058773,热大色丰BOOM,f,江苏,False,,1659,182,388
5855863001,松月地毯上的中指貓,f,海外,False,,1007,229,748
3459194280,四月_26640,m,浙江 金华,False,,1892,229,107
5705264851,天水南院,m,其他,False,,4164,158,1116
5924048120,蓝蓝莓鲸,m,海外 塞浦路斯,False,,50563,526,1649
3449332484,qwerty_42168,m,北京 东城区,False,,14431,1004,827
7388312065,东东西西晓晓黎明,f,广东,False,,6559,66,998
1054332927,亚晓,m,湖北 荆州,False,,3867,230,2066
6505629379,糟毛豆,m,上海,False,,11655,61,719
3057540037,人民日报海外版-海外网,m,北京 朝阳区,True,人民日报海外版官方网站,92384,4918649,268
1775287752,向南枝-,m,山东,False,,4783,72,444
5828463437,xydzcyyzlll,f,北京,False,,10249,12,786
1630874682,朝歌嘲哥,m,其他,False,,22346,2449,2126
1752243023,stephensoong,m,北京,False,,12786,228,1043
1420536184,飘动精灵,m,其他,False,,7392,269,226
7069951532,潇楠丹丹蔡,f,上海,False,,13168,115,2244
1602538451,一只水母喔,f,重庆,False,,1261,368,441
1858032410,酷尼米,m,北京 海淀区,False,,5235,555,117
1657939517,评论员文章指出,m,北京,True,法律博主,10317,212221,596
2705906143,尾安能,m,其他,False,,21295,226,141
2639313747,突然想改名可以吗,f,北京,False,,2487,200,691
1160679732,bohaoqi_云中漫步,m,上海 长宁区,False,,27817,319,1175
6392951716,菠萝蜜冠军,f,湖南,False,,1498,250,596
2189297877,VickyK-W,f,广东 广州,False,,33038,798,302
7078889397,不熬夜的Andante,m,广东,False,,10944,201,266
7012251969,真太阳黑子一号机,m,其他,False,,18322,355,820
6617019760,何必生男,f,四川 成都,False,,51380,182,1476
1221050984,DragonDriver混在金融街,m,四川 成都,False,,3018,235,372
1893455853,一生不羁爱自由1012,f,四川 成都,False,,31967,862,385
1720669135,退堂鼓表演艺术家·膨胀,f,北京 丰台区,False,,2135,21,517
2805686872,运动损伤体验家,f,广东,False,,13073,335,1278
1177910441,葒溏犸渏朶卟玎祈浗柷湢禰觅嘜獁,m,北京,False,,24300,3139,877
1759905655,MrPeach,m,其他,False,,1262,618,598
1634376665,狗子你玩蛋去吧,m,辽宁 沈阳,False,,49261,363,358
6184609768,快乐开袋即食,m,其他,False,,1739,149,911
6478883676,根河饺子馆,m,北京,False,,1917,17880,276
3962741836,吃完就拉的天使,m,其他,False,,3502,724,346
6606975227,幻化麟麟影成风,f,广东,False,,9302,518,531
1593559775,听蝉轩主人,m,广东 汕头,False,,126351,3997,817
5527514912,海雨静韵,m,其他,False,,2046,13,159
1269936063,刍狗万物不仁天地,m,上海,False,,41374,743,2623
1872047525,走在路上的不知道什么,f,海外 日本,False,,3771,654,698
1790888293,梦钟惊讶,m,海外 其他,False,,9943,659,1807
2908691401,飞扬的犁,m,四川 成都,False,,2914,910,519
5227110273,麦田守望翁2,m,北京 海淀区,True,知名法律博主,38462,98818,1351
1898160013,lnzju,m,海外,False,,952,1142,324
6276868284,鯊氅揉魘猄龡嗟獏不鯊氅浟焰噎,f,海外,False,,2452,1,1250
7381759420,很爱小熊猫哈,m,其他,False,,2001,134,664
3068099852,Ivanova2019,m,四川,False,,14918,116,437
1743458575,Iceiceiceeee,m,江西 上饶,False,,658,228,545
6024522616,Prim_BY,f,其他,False,,3858,284,730
1648736703,Pfaueninsel,f,其他,False,,27540,127484,1488
1738104717,微笑衣带渐宽,m,浙江 温州,False,,74027,644,1486
1660714980,一根红线剪不断,f,其他,True,人文艺术博主,12500,108911,960
2265642867,风见消,f,湖南 长沙,False,,4823,265,406
2170843400,嘈死-你,m,广东 广州,False,,32501,297,286
6747324908,球迷三哥,m,其他,False,,19313,797,141
6594195406,安康鸡毛信,f,陕西,True,北京华光艺彩文化传媒 职员,1064,71485,407
1646532395,看风景DM,f,其他,False,,23446,1030,1282
5148527235,奔跑的wen,m,其他,False,,2702,540,919
1883172084,月之瞳alex,f,上海,True,财经博主,22304,2818,633
2372844132,rcj531,m,山东 临沂,False,,7036,146,143
3872472373,博看博听,m,其他,False,,35436,863,6296
1871878885,Tony老板,m,海外 澳大利亚,False,,14214,2270,2452
6311411378,Osrovzki,m,海外 日本,False,,932,50,219
6099122141,慈悲·欢喜,m,其他,False,,5474,78,1047
6642317226,一头梅花小鹿,f,广西,False,,1859,39,469
1685826702,心灵猎捕者,m,海外 澳大利亚,False,,106493,561,1566
7308539178,榴莲蛋糕烘焙中心,f,其他,False,,959,487,1159
1067968100,仲夏爷之梦,f,北京 海淀区,False,,9093,6472,522
7389495611,哈三唔四老司机,m,上海,False,,14487,31,560
1400147553,洛兵,m,北京 朝阳区,True,音乐人，诗人，作家,11851,316624,616
1815672975,徐俊峰cch,m,湖北 武汉,False,,1568,755,1662
1723981287,潘金莲日记,m,其他,True,微博知名博主,9002,1041616,1574
3454068732,西安微博热搜,f,陕西,True,本地资讯博主（西安） 超话主持人（西安爆料超话） 微博原创视频博主 互联网科技博主 头条文章作者,15032,261622,8576
1609335653,马克布图,m,山东 济南,False,,15856,189,397
1865504713,太原晚报,m,山西 太原,True,太原晚报官方微博,64478,1169620,366
3702523900,宁波镇海检察,m,浙江 宁波,True,浙江省宁波市镇海区人民检察院官方微博,30647,21895,629
1668927541,Daphneday,f,浙江 杭州,False,,11077,1270,750
2277260272,西安美食娱乐排行榜,m,陕西 西安,True,本地资讯博主（西安） 超话主持人（团节社超话） 微博故事原创作者 资讯视频自媒体,22479,905343,1144
1744390051,无语的安子,f,北京 海淀区,False,,6037,347,71
5890667634,我可真是太胖了了,m,其他,False,,18743,71,405
1866044807,然昊明,m,北京,False,,3161,202,541
5463935364,桓台检察,m,山东 淄博,True,山东省淄博市桓台县人民检察院官方微博,26826,5948,260
1685815193,宋师傅123,m,上海 金山区,False,,41469,1212,1848
1582434840,大焱hrp,m,北京 朝阳区,False,,29919,527,2132
1765624227,百宝悦surelytreasurre,f,北京 海淀区,False,,36635,600,3979
7073875863,Magnifique_King,m,北京 东城区,False,,2714,55,163
7387793855,秩序-2020,f,上海,False,,4628,41,1190
3969809880,精准聚焦2018,m,四川 成都,False,,37381,575,794
3277721582,MomoAiNiNi默默爱妮妮,f,海外,False,,25759,892,3662
1768618124,wait-for-summer121,f,陕西 延安,False,,31915,343,1771
1996528595,汤汤木头人,m,北京 西城区,False,,16761,140670,452
2131550361,阿猫爱宅,f,北京 朝阳区,False,,8743,111,1070
5217097218,遗忘的无尽意,f,四川 成都,False,,6061,195,947
3188103354,Schweik帅克哦,m,陕西 西安,False,,3349,453,1909
2230751524,Trader-Insince,m,浙江 杭州,False,,837,257,820
1363292160,寒江映雪婧,f,天津 南开区,False,,29389,8665,821
1938925634,MOREPEN,m,上海 浦东新区,False,,50940,198,2015
5597678980,心碎女孩收容处,m,江苏 苏州,False,,5561,1287,327
5774965992,Hunttttters,m,广东 深圳,False,,1138,582,1041
2168508410,咻的一下就困了,f,湖南 长沙,False,,22349,693,5081
7021882156,风陵渡秋,m,其他,False,,3187,42,561
1994238825,渭南日报社,m,陕西 渭南,True,渭南日报微博,58196,87604,405
1650111241,中国经营报,m,北京 海淀区,True,《中国经营报》官方微博,152725,28833650,1292
1644948230,北京头条,m,北京,True,北京头条客户端官方微博,128749,26904050,4306
1750353804,合肥交通广播,m,安徽,True,合肥交通广播官方微博 ,42092,359259,626
2083844833,搜狐新闻客户端,f,北京 海淀区,True,搜狐新闻客户端官方微博,44299,1596101,1032
1836662060,kurarpika,f,广东 广州,False,,45350,346,445
2834226983,舒艺2012,f,广东,False,,9895,383,572
5748840149,安家在西咸,m,其他,False,,1504,20290,96
2000016880,楚天交通广播,m,湖北 武汉,True,楚天交通广播官方微博,136637,9562089,1170
2013046764,石家庄新闻广播,m,河北 石家庄,True,石家庄广播电视台新闻广播官方微博,43635,836060,504
2049389352,新浪湖北,f,湖北,True,新浪湖北官方微博，新浪看点湖北站官方微博,134374,4027985,2845
1898495494,ZAKER,m,北京,True,ZAKER 官方微博,71577,2073946,673
1720962692,楚天都市报极目新闻,m,湖北,True,楚天都市报极目新闻官方微博,134761,18815597,1532
2090819265,flydp511,m,山东 临沂,False,,604,58,246
1708144570,墙里的文本,m,河南 郑州,False,,2337,210,547
2867360410,九江共青城发布,m,江西,True,共青城市融媒体中心,64201,59579,320
1836002417,柳橙汁雪梨,f,其他,False,,52594,570,376
1267454277,凤凰周刊,m,,True,凤凰周刊官方微博客,70103,21998935,829
2643743024,陕西新鲜事儿,f,陕西 西安,True,本地资讯博主（西安） 头条文章作者,36368,419803,186
3187051914,一扇好门,m,吉林 长春,False,,12096,275,3224
1404249417,vivina2000,f,其他,False,,8370,523,640
1729476093,-XYZA-,f,河北 秦皇岛,False,,25777,560,1972
5186391215,无情冲浪人罢了XX,f,其他,False,,12510,16,921
7463067730,西安同城君,f,陕西 西安,True,本地博主 （西安）,1695,111218,99
5155939787,新浪常州,f,江苏,True,新浪常州官方微博,17778,135664,414
1789467650,败家草,f,上海,False,,163719,1426,1662
7284210852,artncat,m,山东 济南,False,,21580,37,482
2097963974,Sandal_1,m,湖南 长沙,False,,6823,292,293
1827165291,万事风过耳,m,北京,False,,220256,3435007,625
1650414555,西部网,m,陕西 西安,True,西部网（陕西新闻网）www.cnwest.com官方微博,186239,2432459,861
1830055592,陕西都市热线,m,陕西 西安,True,陕西电视台都市热线,89276,1223845,996
5572597381,坏死的结局,f,其他,False,,2,2,13
3142304257,咸阳聚焦,f,其他,True,本地资讯博主（咸阳）,15108,215079,550
2049435632,新浪湖北健康频道,m,湖北,True,新浪湖北健康官方微博,24929,63374,1154
2202896360,西安身边事,f,陕西 西安,True,微博西安同城大使 知名本地博主,76800,1282553,1998
3203014922,西北大小事,f,甘肃 兰州,True,资讯视频自媒体,9020,209825,1039
5598591659,延长检察,m,陕西,True,陕西省延长县人民检察院官方微博,12349,1402,235
3439488490,陕西新闻广播,m,陕西,True,FM106.6 AM693陕西新闻广播官方微博,14148,25145,355
2691927847,陕视点,m,陕西 西安,True,头条文章作者,10560,126576,206
3181142874,凌晓雒,m,海外 其他,True,美食博主 #南昌#超级话题主持人 美食视频自媒体,3211,3227,2082
7281895819,NewsWorker杨,m,广东 广州,False,,417,68,831
7511545551,啊吧啊吧199603,f,北京,False,,436,7,31
7511151541,塔可202010,f,广东,False,,700,80,34
5493053841,大庆大同检察,m,黑龙江,True,大庆市大同区人民检察院官方微博,7629,5440,7397
6217683074,N视频,f,广东 广州,True,南方都市报短视频官方微博,23361,5807876,253
1400776392,营养师顾中一,m,北京 西城区,True,北京营养师协会理事 微博vlog博主 知名健康博主,23191,4897647,3087
2034347300,郑州晚报,m,河南,True,郑州晚报社官方微博,133638,5065872,908
7376126187,细思极恐的怪谈,f,北京,True,搞笑幽默博主 微博VLOG博主 微博原创视频博主,6397,127310,150
6641712733,成都生活印记,m,四川 成都,True,本地资讯博主（成都） 城市生活家 微博故事原创作者 资讯视频自媒体,11989,197131,2757
5897694062,淮舜公安,f,安徽,True,安徽省淮南市公安局淮舜分局官方微博,37886,13014,463
1665183914,始终正宫熹娘娘,f,北京,True,知名美食博主,9614,39858,152
1651047542,饼干姐,m,其他,True,知名美食博主,40359,3465926,380
2075245652,长春晚报,m,吉林 长春,True,长春晚报官方围脖,38571,1127488,187
2211646807,Miss余摆摆,f,重庆 沙坪坝区,False,,4033,898,1180
1076498790,逆风之羽,m,上海 浦东新区,False,,2302,303,223
1578434767,余人余文,m,陕西,True,金周至网采编 头条文章作者,9620,23808,2657
2140585607,天涯社区,m,北京,True,天涯社区官方微博,36192,8188982,410
3203137375,四川观察,m,四川,True,四川广播电视台《四川观察》官方微博,40746,3299264,624
1663612603,中国经济网,m,北京 西城区,True,中国经济网官方微博,29763,4483004,761
2012816014,FM1045旅游之声,f,浙江,True,FM104.5旅游之声官方微博,42102,2526917,368
1700582867,四川手机报,m,四川 成都,True,四川手机报官方微博,58106,1141905,949
1992613670,凤凰新闻客户端,m,北京,True,凤凰新闻客户端官方微博,30688,7062896,399
1278689470,龙立新Aaron,m,北京 朝阳区,True,知名健康养生博主 头条文章作者,29484,1220944,1136
2879806420,y_x_y二零贰壹__jane,f,其他,False,,7516,96,98
7472681405,陕西广播电视报,m,陕西,True,陕西广播电视报官方微博,13622,152363,229
1806398471,新闻夜班车官方版,m,河北 石家庄,True,石家庄广播电视台新闻综合频道《新闻夜班车》栏目官方微博,8934,19851,242
5582062685,原视娱乐,m,宁夏,True,网易宁夏 总监制/导演,1349,21998,302
1356816851,沧州微播报,f,河北 沧州,True,本地资讯博主（沧州）,49172,231950,1491
2287769755,吉林乡村广播,f,吉林 长春,True,吉林人民广播电台乡村广播官方微博,88734,262393,677
1718259005,浙江之声,m,浙江 杭州,True,浙江电台浙江之声官方微博,68482,1959128,972
7081836181,中国食品工业杂志社,f,其他,True,《中国食品工业》杂志社官方微博,2314,303505,83
1778375287,读享居,f,山西 太原,True,高级中学英语教师 教育博主,32367,1647,947
5708364496,大家医联官方微博,m,,True,大家医联官方微博,5551,24148,391
7388139935,登峰观远,m,其他,False,,816,23,17
1724152154,小飒求rp降临,m,广东 广州,False,,15862,313,627
6679125442,于都县融媒体中心,m,江西,True,于都县融媒体中心官方微博,16823,1328,108
5618016269,连池检察,f,黑龙江 黑河,True,黑龙江省五大连池市人民检察院官方微博,41744,3595,4941
2174371473,狸狸有期,f,四川 成都,False,,3722,410,277
7038166105,胖子42806,m,其他,False,,8836,411,1882
5597141810,视角志,m,山东 济宁,True,头条文章作者,33577,749702,509
2797639922,漠刀小绝尘,m,浙江 嘉兴,True,秘书资格证持有者,1037,128,113
3274352807,无学法师,m,山东,False,,2803,294,783
2579443110,合肥交警,m,安徽,True,合肥市公安局交通警察支队官方微博,21786,325516,405
6319784650,嗨翻兰州,f,甘肃,False,,15269,53135,282
1110432760,语涵视听,f,北京,True,知名音乐博主 音乐视频自媒体,33879,366735,357
3481909831,随手拍滨州,m,山东,True,本地资讯博主（滨州） 超话主持人（随手拍滨州超话） 微博故事原创作者 资讯视频自媒体,14167,145608,750
3177559454,秦人肖平,m,陕西 西安,True,本地资讯博主（西安） 资讯视频自媒体 互联网科技博主,11639,526910,1086
5529605972,通化人通化事儿,m,其他,True,问答答主,7061,105804,3378
5453251087,莺飞枣长,f,安徽 安庆,False,,26832,74,91
5237053116,青春-眉山,m,四川 眉山,True,中国共产主义青年团眉山市委员会官方微博,37088,354834,1581
1647210043,百姓关注,m,贵州,True,贵州广播电视台公共频道,37065,2243600,437
2589340203,情深独向寂寞,m,安徽,False,,238,976,20
2728474252,大学校园事,m,北京 东城区,True,校园博主 微博原创视频博主,13975,110413,288
6550792215,无邪黄河护理职业学院,m,河南,True,郑州黄河护理职业学院反邪教协会官方微博,6894,142,22
3317718654,崇州统计,m,四川 成都,True,崇州市统计局官方微博,6353,360,173
1685336690,信息日报,m,江西,True,信息日报官方微博,64422,8357128,2375
5855598209,华夏铸军魂,m,湖北,True,知名军事博主 超话主持人（全球热点奇趣视频超话）,40430,1138506,4253
5681478953,明日头条,m,北京,True,新浪新闻生活资讯视频账号,46427,1212495,153
1231759973,头条博客,m,北京 东城区,True,新浪博客频道官方微博,81014,10482075,1635
5976894768,郑州反邪教,m,河南,True,郑州市反邪教协会,24239,102041,393
3248050592,吾爱吐槽,m,北京 朝阳区,True,知名搞笑幽默博主,61020,1628992,525
5493681582,房子优果倚树为屋,f,湖南 湘潭,False,,988,9997,99
2048838554,beil帅,m,河南,True,郑州升达经贸管理学院 教师,16892,5851,469
1323892424,花非花茶庄,f,广东,True,资讯视频自媒体,3850,912,1053
7488289520,疼痛诊治联盟,m,重庆,False,,114,975,128
1662407481,吉林台郝峰,m,吉林,True,吉林新闻综合广播副总监、主持人、记者,42382,711240,990
6730003697,不是柠檬精是柠檬本身,f,安徽 阜阳,False,,5836,156,329
6155740407,桃心窝子的暖,f,四川,False,,1611,252,521
1962394994,稀有血型牛牛,m,山东,True,初级中学教师牛联中 超话主持人（熊猫血救助超话） 公益博主 头条文章作者,57342,362244,3144
7490891129,婉儿plus,f,陕西,True,数码博主,1018,4160,81
3867859934,笑话专案组,m,北京 东城区,True,知名搞笑幽默博主 搞笑视频自媒体,167979,2482703,2319
2800992940,青春南京,f,江苏 南京,True,共青团南京市委员会官方微博,21986,419256,1029
5266391234,南城往事bot,f,四川 成都,True,情感博主 超话主持人（南城往事超话）,17856,122204,904
5843825724,影视岛主君,f,上海,True,电视剧视频自媒体,20041,3022379,109
2645654357,黑龙江共青团,f,黑龙江 哈尔滨,True,共青团黑龙江省委员会官方微博,41376,1427811,1039
5513020401,小多动症小富翁,f,辽宁,True,超话主持人（猎豹队副队长丁浩哲超话）,2085,403,918
5979979861,老中毉,f,安徽 淮北,True,健康博主,530,36561,324
2147268093,宋药师,m,河北,True,知名健康博主 超话主持人（用药小常识超话） 微博故事原创作者 新鲜事作者 微博2019健康医疗最受欢迎医生,63732,1005394,1017
6373949050,江门校园事,f,广东,True,校园资讯博主（江门）,9962,527827,223
6196242503,西南科大外院V团队,f,四川,False,,4354,271,66
1661053162,大熊星座守望者,m,辽宁 沈阳,False,,5967,1730,847
3201725574,南京日报,m,江苏,True,《南京日报》官方微博,26585,6323138,855
5960834418,呼和浩特市全攻略,m,内蒙古 呼和浩特,True,本地资讯博主（呼和浩特） 头条文章作者,13056,118922,2430
7400708279,牛股-散户小韭菜,f,其他,False,,433,37,2225
5078203785,一起相约去旅行,m,北京,True,旅游博主,24338,246220,617
1703827472,散户小韭菜,f,其他,True,头条文章作者,18103,3508213,189
6012354677,佚中人,f,上海,True,知名情感博主 问答答主,13033,355342,747
2607349464,兰州微在线,f,甘肃 兰州,True,微博原创视频博主 本地资讯博主（兰州）,34814,468669,1775
5324777856,中国家庭报,m,北京,True,中国家庭报,15758,97527,251
7306650050,楚帝少主,f,其他,True,湖北慕天传媒有限公司 新媒体运营主管 互联网科技博主,9124,178647,34
6692927800,霍h晓,f,河北,False,,50,23,76
5785439181,公益人王磊,m,上海,True,知名公益博主 微博2020十大影响力公益大V 超话主持人（微公益超话）,36139,1246623,2614
7152595603,山北绍哥,m,广西,True,娱乐博主 微博原创视频博主,4511,174317,2109
5283975647,贵州那些事,m,贵州,True,本地资讯博主（贵阳） 娱乐博主 资讯视频自媒体,32553,319683,827
5666418411,国民萌草,f,广东,True,头条文章作者,18397,517865,535
3884144141,三亚广播电视台,m,海南 三亚,True,三亚广播电视台,12593,57493,827
7450936011,鲜衣阁,f,河北,True,广告设计,2438,10140,58
7417284265,细品谈,f,河北,True,标识制作,2909,1323,413
3365692874,湖南工业大学土木青志联,f,湖南 株洲,False,,4539,1671,323
6315206710,安康政法,m,陕西,True,中共安康市委政法委员会官方微博,38018,46089,3920
1967542335,九下卫,m,天津,True,搞笑幽默博主 搞笑视频自媒体 视频博主,41262,435175,153
1460885433,听个事儿,m,河北,True,资讯视频自媒体,29810,342387,2201
2466246437,儿童教育唐老师,m,湖南,True,儿童教育博主 母婴育儿博主 微博原创视频博主 母婴育儿答主,3697,485905,540
5873822793,黄梓淇V,f,广东 肇庆,False,,952,28,215
2948707533,情感小屋bot,f,重庆,True,情感博主,9080,53047,371
5979269345,清浅旧时光HP,m,山西 大同,True,知名娱乐博主 微博原创视频博主,10123,136032,648
7524021648,吃货也要开心,f,河北,False,,767,2022,214
5174129888,津小汐,f,天津,True,健康博主,8198,139332,4515
5986236465,娱圈最帅王子,m,上海 黄浦区,True,电视剧博主 微博原创视频博主,6019,282738,2487
7153894850,漫叼,f,河南,True,动漫博主 微博原创视频博主,13482,112628,21
2823279287,花雪罗,f,广东 清远,True,资讯视频自媒体,5076,1058,1620
3271855994,议政金陵,m,江苏 南京,True,政协南京市委员会官方微博,46107,504424,318
1897620254,易小材,m,江苏 淮安,True,淮安市清江浦区太极拳协会 党支部书记 退役军人 摄影博主 微博原创视频博主,1180,13880,191
5571701828,四川名医,f,四川 成都,True,成都商报社“四川名医”项目,16146,100265,970
5113261851,江油发布,m,四川 绵阳,True,中国共产党江油市委员会宣传部官方微博,15050,23673,480
2395196713,阳山花非花,f,广东 清远,True,健康博主,63058,235520,7784
2122506831,二三里辽宁,m,辽宁,True,二三里资讯客户端辽宁频道官方微博,81866,3445007,442
6020737496,二三里资讯,m,陕西,True,二三里客户端官方微博,15956,25923,397
3087016567,小牛药师超有范,f,河北,True,健康博主 河北医科大学第一医院药师 超话主持人（用药小常识超话） 头条文章作者,8864,26212,475
3103841084,这里有读,m,湖南 岳阳,True,读物博主 搞笑视频自媒体,16933,146260,1344
3963988278,每日微博搞笑排行榜,f,海外 其他,True,微博搞笑帐号 搞笑视频自媒体,23671,160044,577
2418542712,平安武汉,m,湖北 武汉,True,武汉市公安局官方微博,100465,2252381,479
1246095481,通拉嘎,m,内蒙古 呼和浩特,True,头条文章作者,38738,318574,8235
3293616651,杨杨杨方俊,m,湖北 武汉,True,微博故事红人 教育博主,33337,152059,8015
1481324167,半杯馊茶,m,上海 黄浦区,True,作家，代表作《反恐精英》《代号：忠诚》 微博故事红人 微博原创视频博主,116851,5891096,505
6633489667,慕倬,f,河北,False,,263,710,376
6982675029,恐丑的纯颜控,f,山东,False,,491,95,138
1659273132,综艺小娱哥,m,海南,True,娱乐博主 娱乐综艺视频自媒体,25024,223630,317
2122502435,Mrs·李太太,f,海外 美国,False,,240,8700,591
6519474673,民乐检察,m,甘肃,True,甘肃省张掖市民乐县人民检察院官方微博,29005,5832,1039
2634513522,云南法制报,m,,True,云南法制报官方微博,23189,132669,516
1893892941,北京日报,m,北京,True,《北京日报》官方微博,92123,9282986,1389
6614013927,你我身边的正能量,f,北京,True,视频博主,2771,92329,16
6001736225,余一白,m,广东 珠海,True,动漫博主,1594,110894,367
6563733854,优秀电影,f,上海,True,电影博主 超话主持人（时光撩影超话） 电影视频自媒体 微博原创视频博主 微博VLOG博主 问答答主,7965,57006,97
5660238328,疯了21691,f,其他,False,,3192,9,231
6348243595,新新消磁中,f,北京 朝阳区,False,,592,62,196
5360213589,齐鲁师范学院青协,m,山东 济南,True,齐鲁师范学院青年志愿者协会官方微博,6442,1389,319
5558722309,黔南检察,m,贵州 黔南,True,贵州省黔南州人民检察院官方微博,23289,90911,624
5684207919,烤肠大人,m,山东 临沂,False,,762,23,6
6523996528,印象石家庄,f,上海,True,本地资讯博主（石家庄）,15423,526316,1469
5663537966,ovoVisions,m,河南 信阳,False,,789,12,484
3675736060,西子丹聊斋,m,上海,True,家庭生活垃圾智能处理机 发明人 微博原创视频博主,41238,1133065,1707
3579140953,南宁微博头条,m,广西,True,微博南宁同城大使 知名本地博主,58112,1170533,2340
3574611155,新浪广西,m,广西 南宁,True,新浪广西官方微博，新浪看点广西站官方微博,68111,3124479,4459
1405759702,连线记者,m,福建,True,媒体人 记者 资讯视频自媒体 微博原创视频博主,90077,1393206,748
2241190535,广西师范大学微博协会,f,广西 桂林,True,广西师范大学微博协会官方微博,30418,46861,1516
6275007444,合肥反邪教,m,安徽 合肥,True,安徽省合肥市委政法委员会,80333,102632,341
5310373791,知铭,f,浙江,True,搞笑幽默博主,26657,435826,193
2303997377,大众网临沂,f,山东,True,大众报业集团下的新闻网站大众网临沂http://linyi.dzwww.com/,22485,217981,1081
1655238055,沈阳地铁第一时间,f,辽宁,True,沈阳地铁报《地铁第一时间》官方微博,92193,448109,4651
2485481013,不等了昂仅而,f,北京 海淀区,False,,31218,192,292
2307393644,小小烧鱼,m,山东 临沂,False,,453,185,106
1154335272,狙击手伍德,m,天津,True,互联网科技博主 头条文章作者,98650,175057,358
7463397424,璐啊璐ii,f,北京,False,,1249,10,537
2101703260,黔西南公安,m,贵州,True,贵州省黔西南州公安局官方微博,11758,120192,279
7366497925,Newpsq,f,其他,False,,3151,4,673
7342200647,uber95779,f,其他,False,,3673,12,900
7481912366,朵朵没睡醒ii,f,湖北 武汉,False,,1487,7,408
5701736671,Ps_Q666666,m,湖北,False,,3451,14,989
5784696232,Crys41,m,湖北 咸宁,False,,3733,8,842
3931291473,游戏互黑团,m,新疆,True,游戏视频自媒体,30401,445995,385
2163126464,最爱甜豆沙,f,上海 宝山区,True,娱乐博主,5827,15130,790
2022987145,从华东最南到华东最北,m,海外 其他,False,,2603,28,1102
5974550036,张云龒,m,北京,True,社会工作者,27520,760103,486
6436913100,哥是好人,m,陕西 西安,True,旅游博主 西安摄影家协会 会员,3120,156263,551
1750070171,36氪,m,北京,True,36氪官方微博,109867,3291990,989
6619481923,丽江热门事儿,m,其他,True,本地博主 （丽江）,5503,232587,123
6588999912,蜜桃冷茶,f,山东 临沂,False,,449,96,356
6459044494,那我亲你一口叭,f,内蒙古,False,,1664,121,390
5387803470,眉山生态环境,m,四川,True,四川省眉山市生态环境局官方微博,8846,1427,164
2294220693,鄂尔多斯日报,m,内蒙古,True,《鄂尔多斯日报》官方微博,41689,283804,746
6849915621,江苏政法,f,,True,中共江苏省委政法委员会官方微博,20714,248703,504
1819679547,平安小店,m,山西 太原,True,太原市公安局小店分局官方微博,24233,89158,222
5984327467,不服就来现实碰一碰,f,浙江,False,,4598,1721,460
6439240024,下午茶财经,m,上海 闵行区,True,财经博主,16882,322557,378
5880435340,瓶子有个盖子,m,澳门,False,,828,9,344
6617017095,青岛热点事儿,m,山东 济南,True,    本地博主 （青岛）,7001,673064,243
5249979200,汉阴检察,f,陕西 安康,True,陕西省安康市汉阴县人民检察院官方微博,19417,853,366
1931219195,宁夏新闻广播,m,宁夏,True,宁夏新闻广播官方微博,34644,46082,2879
3912707918,龙南发布,m,其他,True,江西省龙南市融媒体中心官方微博,46024,239806,287
3183315132,玉林车务段,m,广西 玉林,True,中国铁路南宁局集团有限公司玉林车务段官方微博,12624,22205,101
5528924984,迁光sss,f,北京,False,,16403,16,95
2665548263,肃南检察,m,甘肃,True,甘肃省肃南裕固族自治县人民检察院官方微博,12700,1103,282
6621785618,是傩不是摊,m,辽宁 营口,False,,198,27,165
5871828047,风一样的风恋江,f,河南,False,,995,165,862
5236217710,青春巴中,m,四川 巴中,True,共青团巴中市委官方微博,24294,28596,1186
2349475100,嘉兴微博新鲜事,f,浙江 嘉兴,True,本地资讯博主（嘉兴）,135631,304606,292
2881075730,武侯教育,m,四川 成都,True,成都市武侯区教育局官方微博,18540,14738,283
2388955087,首都网警,m,北京,True,首都网警,25229,3837849,574
2880427742,法治武侯,m,四川,True,成都市武侯区司法局官方微博,8808,3662,955
5043101733,都江堰司法,m,四川 成都,True,都江堰市司法局,23579,38588,1023
6322729435,西安妇联,f,陕西,True,西安市妇女联合会官方微博,16437,2156,151
6070188380,金刚鼎轩,m,湖南,False,,420,1572,76
7298488441,城市追擊傳媒,f,香港,False,,28746,54415,401
2880194622,成都市武侯区残联,m,四川 成都,True,成都市武侯区残联官方微博,21852,1192,281
1941807832,海南特区报,m,海南,True,海南特区报官方微博,49323,359830,570
7452379375,武山融媒,m,甘肃 天水,True,武山县融媒体中心官方微博,16083,112640,270
1320514065,骨科路遥,m,陕西 西安,True,西安市红会医院骨科医生,1958,24099,154
6353489257,禾月的茶,f,河南 商丘,False,,6184,56,610
3005089724,宜春日报v,m,江西 宜春,True,《宜春日报》官方微博,33172,395883,424
5640104266,抱抱只想躺赢,f,新疆,True,超话粉丝大咖（肖战超话）,13802,205,319
1653603955,扬子晚报,m,江苏 南京,True,《扬子晚报》官方微博,180800,18446054,1787
1314608344,新闻晨报,m,上海 闵行区,True,《新闻晨报》官方微博,160379,37686220,1132
2992050891,北京电视台,m,北京,True,北京电视台官方微博,46537,6816689,360
2762723760,十堰郧阳检察,m,湖北,True,湖北省十堰市郧区检察院官方微博,8148,757,224
1968407017,江西晨报,m,江西 南昌,True,江西晨报官方微博,96344,1447639,319
1598682284,宜宾司法,m,四川 宜宾,True,四川省宜宾市司法局官方微博,8719,40928,203
7040536068,何医生sj,m,广西,True,健康博主,831,11622,386
3181366165,新浪无锡,m,江苏,True,新浪无锡官方微博,81662,1145202,3387
2026950473,幸福临潼,m,陕西 西安,True,互联网科技博主,91521,264369,7132
5097320315,知一无穷,m,河南 郑州,False,,55,47,149
2145917613,北京日报都视频,m,北京,True,北京日报社视频官方账号,22291,1278278,395
6582916739,大同政法,f,山西 大同,True,中共大同市委政法委员会官方微博,24650,7956,157
2144134027,泸县团委,m,四川 泸州,True,泸州市泸县团县委官方微博,3090,775,205
1765651587,天府双流,m,四川 成都,True,中共成都市双流区委宣传部官方微博,50607,150957,711
5998252503,陕西省禁毒,f,陕西,True,陕西省禁毒委员会办公室官方微博,11292,51171,452
5832495411,法制生活报,m,贵州,True,《法制生活报》官方微博,23332,42917,280
1964974191,武侯发布,f,四川 成都,True,中共成都市武侯区委宣传部官方微博,72360,464809,1449
3687050977,临沂临港发布,m,山东,True,山东省临沂临港经济开发区宣传办公室官方微博,37680,43464,1298
5524132698,沐沐芯儿吖,f,黑龙江 牡丹江,False,,353,44,83
1727747885,合肥徽商广播,m,安徽,True,合肥广播电视台 徽商广播,29227,2045625,564
6480710119,老轩呀,f,河南,True,超话粉丝大咖（摩登兄弟超话）,19759,628,756
2707524607,哈尔滨共青团,f,黑龙江 哈尔滨,True,共青团哈尔滨市委员会官方微博,12327,42689,589
5715001158,彭国珩,m,河北 衡水,False,,334969,3031,11121
2309030981,天汉青年-汉中共青团,m,陕西,True,中国共产主义青年团汉中市委员会官方微博,43365,34975,1982
3253001642,芜湖发布,f,安徽,True,安徽省芜湖市互联网宣传管理办公室官方微博,33355,59809,395
6414242501,撩影一刻,f,北京 东城区,True,电视剧视频自媒体,6161,271114,90
5201843421,医路同行,m,上海,True,健康博主 微博故事原创作者 头条文章作者,1781,15081,460
6492205676,前朝在逃皇贵妃,f,陕西,True,超话粉丝大咖（王一博超话）,6480,9203,595
2707301741,青春湄潭,m,贵州,True,共青团湄潭县委官方微博,7642,49630,63
1966715680,长江云官方微博,m,湖北 武汉,True,湖北广播电视台官方微博,49791,933755,1054
6070158006,微博视频TV版,m,北京,True,CIBN酷视频官方微博,3275,798951,93
3121600265,澳门商报官方,m,澳门,True,澳门商报国际传媒集团有限公司官方微博,9982,50748,298
2109885920,环球旅游周刊,m,北京,True,《环球时报》B叠《环球旅游》周刊官方微博,32823,912544,1165
1767760462,新浪宁波,f,浙江,True,新浪宁波官方微博，新浪看点宁波站官方微博,44384,858553,2421
5880371551,今日运河,m,山东 济宁,True,互联网科技博主,6013,109737,233
6066193547,七环视频,m,上海 黄浦区,True,澎湃新闻旗下视频栏目《七环视频》,38496,3409947,246
2613198373,洋火八宝猫泡泡,m,陕西 渭南,False,,1279,236,383
1906874803,锦绣青羊,m,四川 成都,True,成都市青羊区官方微博,63579,539918,1092
2081296667,新浪辽宁,f,辽宁,True,新浪辽宁站官方微博，新浪看点辽宁站官方微博,94361,1670347,2448
5654253203,百万庄通讯社官微,m,北京,True,中国外文局融媒体中心旗下账号,13813,27088,774
1919732593,中国发展简报,m,北京 东城区,True,中国发展简报中文刊官方微博,5176,20158,478
2608960961,青春菏泽,m,山东 菏泽,True,共青团菏泽市委员会官方微博,7426,36284,996
2052120021,淄博警方,f,山东 淄博,True,山东省淄博市公安局,79899,895678,1117
2703419987,共青团广安市委,m,四川 广安,True,共青团广安市委员会官方微博,52608,738825,2720
1934323297,全球图个鲜,f,北京,True,手机搜狐的小剧场，图解趣闻，读懂世界。,16085,140263,159
7518065447,秦皇岛成滨教育培训学校,f,河北,False,,92,3,9
5463794433,新京报动新闻,f,北京 东城区,True,新京报动新闻官方微博,22106,6938271,300
3984138317,达旗政法委,m,其他,True,中共达拉特旗委员会政法委员会官方微博,13042,371,165
6665093389,关山点酒·,f,福建,False,,438,80,49
2290956323,黑哥在线,m,陕西 西安,True,头条文章作者,3925,2262757,1508
1646441593,闲云战鹤,f,浙江 舟山,True,舟山市定海区网络文化协会会员 互联网科技博主,71179,413076,3165
2683697150,金牛文体旅,f,四川,True,成都市金牛区文化体育和旅游局,10391,1082,201
1904786505,小镇爱豆,f,上海 卢湾区,False,,997,1331,1540
2100000110,热带播报,m,海南 海口,True,海口电视台《热带播报》栏目官方微博,19174,1366567,533
6999435961,整形医师付德刚,m,浙江,True,杭州艺星医疗美容有限公司鼻整形技术院长,698,46623,529
3929035809,爱水果的顾医生,f,其他,True,超话主持人（穷鬼的上下两千年超话）,4448,270,215
5312566059,抗刀小萝莉,f,贵州,True,超话主持人（拉萨吃喝玩乐超话）,3927,33337,1322
3142846247,浙江团省委,m,浙江,True,共青团浙江省委员会官方微博,52988,1372527,1359
1700715830,广州日报大洋网,m,广东 广州,True,广州日报大洋网官方微博,78435,478682,187
6092861390,·严重耳机依赖患者,m,广东 广州,True,微博故事原创作者 微博原创视频博主 超话粉丝大咖（孟美岐超话） 娱乐博主 孟美岐饭圈达人,5583,101780,83
3624248184,陕西网,m,陕西 西安,True,陕西网（www.ishaanxi.com）官方微博,37547,105344,216
2648076881,长春共青团,f,吉林 长春,True,共青团长春市委员会官方微博,42002,174514,1177
2539238155,北京司法,m,北京 通州区,True,北京市司法局官方微博,14527,428976,89
6560020814,欧帕露17343,m,其他,False,,64,2,114
6402149928,多言少说话,f,吉林 长春,False,,411,444,1200
2764517242,老记宋军,m,江苏 南京,True,旅游博主,182906,693450,14130
5390751211,X_丽丽,f,安徽 合肥,False,,355,66,426
2975227570,吉林广播电视台,m,吉林,True,吉林广播电视台官方微博,58927,384142,208
7141087529,铁骥视频,m,浙江,True,铁骥视频官方微博,9741,1870162,412
1708533224,国际旅游岛商报,m,海南 海口,True,《国际旅游岛商报》官方微博,155694,279161,587
2575101417,周至法院,m,陕西,True,西安市周至县人民法院官方微博,47092,30679,1289
6345028642,云南政法,m,云南,True,中共云南省委政法委员会官方微博,47617,42660,1080
1964619957,青春上海,m,上海 徐汇区,True,中国共产主义青年团上海市委员会官方微博,69739,855561,1153
2538567791,环球网健康,f,北京,True,环球网健康频道官方微博：阅世界，享健康,12737,15095,294
5097588665,法治宕昌,m,甘肃,True,甘肃省陇南市宕昌县司法局官方微博,10481,4200,270
5127675035,聚都昌,m,江西 九江,True,本地资讯博主（江西-都昌） 头条文章作者,13894,15429,290
3629871414,四平日报V,m,吉林 四平,True,四平日报微博,12777,250832,110
6524185526,嘛西xibao,f,湖北,False,,1161,18,200
6538893019,Aaron_mistake,m,福建 泉州,False,,257,12,154
1879179857,970女主播电台,f,广西 南宁,True,广西970女主播电台官方微博,23502,342715,269
1721484135,主编赵旭东,m,北京,True,超话主持人（老赵说事超话） 微博故事原创作者,53064,476743,2059
2644277074,陕西微公益,m,陕西 西安,True,新浪陕西人人微公益基金官方微博,2821,80381,331
2995955692,咸阳生态环境,m,陕西,True,咸阳市生态环境局,26394,62719,424
6891231323,云上深夜快递,f,四川,True,成都市广播电视台CDTV深夜快递官方微博,21804,105430,149
2131187310,大雁醉长安,m,其他,True,本地资讯博主（西安） 头条文章作者,5958,350184,1571
2015391145,中国慈善家杂志,m,北京 西城区,True,《中国慈善家》杂志官方微博,9066,123143,621
3352138712,田园隆兴-崇州,m,四川 成都,True,崇州市隆兴镇人民政府官方微博,39952,1261,188
6785982388,JokerEmperor,m,新疆 乌鲁木齐,False,,43,3,101
6867368137,海报新闻,f,其他,True,海报新闻客户端官方微博,43408,728517,304
2620088113,大众网,m,山东 济南,True,山东重点新闻网站、大众网www.dzwww.com官方微博,113739,2838196,1264
7305756844,励志这点儿小事,m,河北 石家庄,False,,14691,4295,49
6900816264,天府新区法院,m,四川,True,四川天府新区成都片区人民法院(四川自由贸易试验区人民法院),2245,2351,155
7031052659,灵月之城,f,河北 承德,False,,415,19,154
2013763433,野孩子ing·,f,广东,True,娱乐博主 超话粉丝大咖（李现超话）,2958,13053,382
5126842016,白水检察,m,陕西 渭南,True,陕西省渭南市白水县人民检察院官方微博,38150,26339,721
1500017461,大河健康新媒体,m,河南,True,大河健康网官方微博,15832,1040389,665
1548779773,大河健康报,m,河南 郑州,True,大河健康报官方微博,14490,159273,403
5685155536,我是羊羊羊ing,f,北京,True,娱乐博主 超话粉丝大咖（李现超话） 微博原创视频博主,13366,14390,2331
7190597078,海明电影,m,广西,True,电影博主 微博原创视频博主,4720,451544,982
7031761007,上海平凡之路,m,上海,False,,140,3,159
1686436650,衡阳日报,m,湖南,True,衡阳日报,12345,202188,638
2172792324,阿至律师,m,陕西 西安,True,法律博主,31607,106669,2135
7387460974,陕西省网络举报中心,m,陕西,True,陕西省网络举报中心官方微博,2092,2152,130
2637371724,Zhou微奈别说123,f,广东,False,,22328,380,149
7326636256,有亿点点想法,m,陕西 西安,False,,58,14684,149
2781512687,石家庄帮忙,m,河北 石家庄,True,本地资讯博主（石家庄） 摄影博主 头条文章作者,142016,481652,40
5625416533,大白话古今,f,江苏,True,本地资讯博主（常州）,10144,48023,224
6878593027,长津湖快点杀青吧,f,浙江,True,超话粉丝大咖（易烊千玺超话）,21112,366,2421
1982718541,养生坛,f,北京 东城区,True,知名健康养生博主,11011,2456899,234
1717833412,华商报,f,陕西 西安,True,华商报官方微博,143125,10759463,767
5621316881,山竹糯米糍儿,f,湖南,False,,839,87,447
1738344643,帮女郎帮你忙AHTV,f,安徽 合肥,True,安徽电视台经济生活频道《帮女郎 帮你忙》栏目,14596,202224,625
1735937570,江南都市报,m,江西,True,江南都市报官方微博,82395,11281276,893
6094870121,24k黄金颖,f,河南,True,娱乐博主,11734,15323,306
6339650232,路漫得远休,f,其他,False,,2381,113,1601
5629076732,情思情感,m,湖南,True,知名情感博主 超话主持人（情话书签超话） 微博故事原创作者 视频自媒体 头条文章作者 情感两性答主,38645,47755,1004
5608570600,山东高速交警一支队,m,山东 潍坊,True,山东省公安厅高速公路交通警察总队一支队官方微博,27101,22648,274
6637529934,wxue雪demon,f,河北 廊坊,False,,2041,9,293
6179997108,青海生态环境,f,青海,True,青海省生态环境厅官方微博,7881,83021,106
7480769346,重庆广电全媒体,m,重庆,True,重庆广电全媒体官方微博,1035,149151,85
2085931962,贵州综合广播,f,贵州 贵阳,True,贵州综合广播官方微博,63120,401140,326
5938831603,my越哥,f,其他,False,,40,15,118
6045428750,温柔尝尽了世间,m,其他,False,,5096,4,173
5623238595,金沙检察,m,贵州 毕节,True,贵州省毕节市金沙县人民检察院官方微博,10038,980,124
7462451703,大圆子猫咪,m,其他,False,,4414,7,170
1975154821,西海都市报官方微博,m,青海 西宁,True,西海都市报官方微博,37276,323250,1112
6799077936,纳纳米珍珠,f,四川,False,,3903,4,176
7340342436,青丝-拾柒,f,陕西,False,,346,151,361
1956487363,陈然注册营养师,m,北京,True,中国注册营养师 好物发现官 知名健康养生博主 微博原创视频博主 头条文章作者,8181,1208813,950
7477380012,流盲兔耳朵,m,其他,False,,3820,6,144
3523970940,文明长春,m,吉林,True,长春市文明办官方微博,10524,6771,1097
6556947687,宜博玲子,m,湖北 武汉,False,,12019,363,940
1883184762,每日商报,m,浙江 杭州,True,每日商报官方微博,71066,241653,215
2717259067,陕西健康,m,陕西,True,新浪陕西健康频道官方微博,12670,55120,205
1986954045,广西新闻网,m,广西,True,广西新闻网官方微博,70000,3185384,544
1888018193,生活全报道,m,湖北 武汉,True,武汉电视台3套《生活全报道》官方微博,13640,342261,213
5690512923,南南的嘟嘟,f,上海,True,超话粉丝大咖（周震南超话）,16043,317,668
6365931899,遇见汶川,f,四川,True,汶川县文化体育和旅游局,9705,33690,254
6593550010,benn_Levi,f,西藏,False,,710,46,71
6567431866,平顺政法,m,山西,True,中共平顺县委政法委员会官方微博,3352,120,38
2119083587,自贡共青团,m,四川 自贡,True,中国共青团自贡市委员会官方微博,35048,390417,1067
5244345191,浮光掠影的奇迹,f,安徽 合肥,True,超话粉丝大咖（高伟光超话）,6051,1675,865
6880706453,知行社,m,贵州 贵阳,False,,463,127,629
1718699234,四川共青团,f,四川 成都,True,共青团四川省委官方微博,92575,2113459,5563
1746743117,正人力天,m,陕西 西安,True,微博股评师 知名财经博主 头条文章作者,84137,85046,133
7019639726,华夏饮食,m,北京,True,中国食品报社官方微博,1991,36631,105
2318471704,宝鸡团市委,m,陕西 宝鸡,True,共青团宝鸡市委员会官方微博,30405,217576,2284
1812581591,上海长宁,f,上海 长宁区,True,上海长宁区政府新闻办,67549,178175,303
1876265021,BTV新闻,m,北京,True,北京电视台新闻频道,27622,1069470,287
1614857442,江南晚报,f,江苏,True,《江南晚报》,113587,5704391,1294
3695637705,白水法院,m,陕西 渭南,True,陕西省渭南市白水县人民法院官方微博,68846,104854,1223
1920901005,游仙公安,m,四川,True,四川省绵阳市公安局游仙区分局官方微博,26423,22472,627
1479040710,河南法制报,m,河南,True,河南法制报官方微博,56906,252019,611
6486930715,脱欧入亚卡菊轮,m,海外,True,知名军事博主,64423,692658,3378
6202994144,幸福的郑州人,m,河南,True,本地资讯博主（郑州） 搞笑视频自媒体,16562,342700,189
2332992900,新浪河北,m,河北,True,新浪河北官方微博，新浪看点河北站官方微博,64297,1291945,2815
2804827393,新浪天津,m,天津,True,新浪天津官方微博，新浪看点天津站官方微博,72136,1368010,577
5873026843,隆昌警方,m,四川,True,四川省隆昌市公安局官方微博,17055,11318,1413
2248834985,四川魏静,f,四川,True,登山运动健将 田径（马拉松）二级运动员 互联网科技博主,80151,1026300,4382
5103377835,阆中公安,m,四川 南充,True,四川省阆中市公安局官方微博,10922,7645,410
2930162624,司馬子瀟瀟,m,北京,True,知名财经博主 超话主持人（潇潇语榭超话）,78953,1301276,304
3889217502,公主岭发布,f,吉林,True,吉林省公主岭市人民政府新闻中心官方微博,21522,322815,365
2620648747,上海松江发布,m,上海 松江区,True,上海市松江区人民政府官方微博,78987,239892,496
3204836204,陕西日报,m,陕西,True,《陕西日报》法人微博,58839,1003717,312
3208521103,广元环保,m,四川,True,四川省广元市环境保护局官方微博,14168,13830,86
2207702064,微博贵州,m,贵州,True,贵州省互联网信息办公室,51370,1050282,591
7332717591,轻颜美人,f,其他,True,护士 健康博主,2018,388428,620
2033375484,宁夏法治报,f,宁夏,True,《宁夏法治报》官方微博,9629,9097,502
1663933725,平安温州,m,浙江 温州,True,温州市公安局,36590,984692,1268
6314391536,云之故乡99,f,北京,True,娱乐博主 超话粉丝大咖（张云雷超话）,17400,44585,520
1915096531,武汉交通广播,f,湖北 武汉,True,武汉交通广播（FM89.6）官方微博、声动中国最佳创新贡献奖,82710,1294747,690
2814626914,南宁铁路桂林车务段,m,广西,True,中国铁路南宁局集团有限公司桂林车务段官方微博,17351,1455,99
2871824904,青春襄阳,f,湖北 襄阳,True,共青团湖北省襄阳市委员会官方微博,18013,60552,377
3501312781,重庆潼南法院,m,重庆,True,重庆市潼南区人民法院官方微博,16740,2808,553
5058227051,文明达州,m,四川 达州,True,四川省达州市精神文明建设办公室官方微博,11789,98960,155
2133638570,整形医生高俊明,m,浙江,True,中国医师协会美容与整形医师分会委员,3910,677551,2275
2920596987,新浪政务龙江,f,黑龙江 哈尔滨,True,新浪黑龙江站城市频道官方微博,9792,36209,1266
3274822530,南昌广播电视台,f,江西 南昌,True,南昌广播电视台(http://weibo.com/u/3274822530)官方微博,82671,1061149,350
7334886612,名城早报,m,内蒙古,True,关注城市发展，专注城市民生、与城市共同成长的都市类媒体。,12924,207370,429
1496814565,封面新闻,f,四川,True,封面新闻华西都市报官方微博,163289,24513077,8334
7515566490,满满今天也有吃很多,f,其他,False,,201,11,187
7306839952,临沂金锣医院官微,f,,True,山东省临沂市金锣医院官方微博,2928,9361,103
3515638435,青白江生态环境,f,四川,True,四川省成都市青白江区环保局官方微博,48662,2918,227
1302947644,竹子生长在北京,f,北京 朝阳区,False,,5770,186,134
1316436461,情意拳拳绵延千里,m,海外,False,,2492,310,1026
5094103156,上海反邪教,m,上海,True,“海尚网”官方微博,95841,443952,893
5411640999,天水检察,m,甘肃 天水,True,甘肃省天水市人民检察院官方微博,21281,2564,201
1451977335,新晚报,m,黑龙江 哈尔滨,True,新晚报官方微博,69556,3776113,1364
3924812700,中原盾,f,河南 郑州,True,中共河南省委政法委员会官方微博,45378,132269,91
6855818314,猪猪爱吃火锅520,m,浙江,False,,854,25,438
1989143312,上海杨浦,m,上海,True,上海市杨浦区政府,82307,160483,405
7452887036,飞天甜面将,m,其他,True,问答答主,2916,265,295
5756451891,石家庄地铁君,m,河北 石家庄,True,本地资讯博主（石家庄）,39262,757140,892
6169447679,海豚游泳2017,m,江苏,False,,863,208,247
5534513423,营口新闻哥,m,辽宁,True,城市生活家 营口市自媒体协会副会长 自媒体人 本地博主（营口）,17287,154041,320
6187055303,湖北政法,m,湖北,True,中共湖北省委政法委员会官方微博,9935,16410,382
1735221154,城市晚报官方微博,f,吉林 长春,True,《城市晚报》官方微博,65311,4396029,1255
1854570915,青年报,m,上海,True,青年报——“服务大都会最活跃人群”,82598,1072808,629
5521606430,遵义发布,m,贵州,True,中共遵义市委宣传部官方微博,59347,513589,2089
5104225074,绵阳生态环境,m,其他,True,四川省绵阳市生态环境局官方微博,18360,2965,51
5044717223,马鞍山帮帮,m,安徽 马鞍山,True,本地资讯博主（马鞍山） 头条文章作者,98712,314695,2703
7473857749,山西榜哥,m,山西,True,本地博主 (山西),410,7681,87
6551666410,围术期医学论坛,f,其他,True,康迅人工智能医疗科技（天津）有限公司,1583,2246,186
1698784044,三秦都市报,m,陕西 西安,True,三秦都市报官方微博,76083,1074219,786
2286385060,攀枝花综合广播,f,四川,True,攀枝花市广播电视台综合广播,59397,243425,281
1199887364,摆渡人是我啦,m,陕西,False,,11164,1537,2983
2557375422,浦东发布,f,上海 浦东新区,True,上海市浦东新区人民政府新闻办公室官方微博,59185,490770,1650
2813981493,中国IP电视-河北,m,北京,True,CCTV-IP电视-河北,5677,5140,238
1971890623,东北新闻网,f,辽宁 沈阳,True,东北新闻网微博,50876,2335776,418
1774259814,重庆晚报,m,重庆 渝中区,True,重庆晚报官方微博,96756,6610139,1128
6275620459,时间拍客,m,北京,True,北京时间旗下拍客短视频官方账号,7208,251832,64
2699599752,牛视频,f,浙江,True,浙江电视台教科影视频道《牛视频》官方微博,8004,1786721,8
1621377144,抚州南城发布,m,江西,True,南城县融媒体中心,29464,110543,583
2729232002,南丰发布,m,江西,True,南丰县融媒体中心,73161,4672,163
2249520950,宣城市人民政府发布,m,安徽,True,宣城市人民政府官方微博,19893,14437,139
2057327125,人民视频,m,北京,True,人民网人民视频官方微博,23179,12429515,459
2450867867,吖米逗弗,f,浙江,False,,2835,190,79
3266709315,陕西城事,f,陕西,True,陕西新浪互联信息服务有限公司 陕西城市频道官博,18959,67853,869
5812339623,武山检察院,m,甘肃,True,甘肃省天水市武山县检察院官方微博,9613,193,52
2956267183,新华sxh,m,山西 晋中,False,,7628,499,256
6611440239,沐之盟,m,四川,True,四川莱康健康管理有限公司,165,49139,90
5975336203,NBA星客,f,北京 海淀区,True,体育资讯博主 体育视频自媒体,7659,138277,87
2472771000,襄阳校园,m,湖北 襄阳,True,校园资讯博主（襄阳）,12150,39586,188
6128879555,二者不可得兼得,m,吉林,False,,88,15,292
6167729374,LiCheukHei,m,其他,False,,105,6,31
5283926940,我在西安上学,m,陕西,True,知名校园博主 校园资讯博主（西安）,24677,130504,731
2711462872,三飘一山人,m,贵州,True,本地资讯博主（六盘水）,26936,1973,951
1455232643,西安网络广播电视台,f,陕西 西安,True,西安网络电视台官方微博,46542,60610,559
1686241575,宁波租房在线,m,浙江 宁波,True,知名房产博主 微博故事原创作者 资讯视频自媒体,201379,703405,348
3241646494,指尖西安,f,陕西,True,本地资讯博主（西安） 视频自媒体 美食博主,17498,269493,1403
1185587177,心动,m,海外 美国,True,知名情感博主,6997,5157374,1444
6109428342,陕西政协,m,陕西 西安,True,中国人民政治协商会议陕西省委员会官方微博,27019,5066,439
1274460913,吉林交通广播,m,吉林,True,FM103.8吉林交通广播官方微博,88750,186231,513
7509646499,中原-老张,m,河南 郑州,True,互联网科技博主,11734,348442,3265
6272938672,古城长安,m,其他,True,微博原创视频博主,863,199310,91
3953271370,郎溪法院,m,安徽 宣城,True,安徽省郎溪县人民法院官方微博,9853,5806,1802
1958345371,株洲发布,m,湖南,True,中共株洲市委宣传部官方微博,93695,373668,1778
5856256547,今天吉林头条,f,吉林,True,微博原创视频博主 本地资讯博主（吉林）,5774,203406,379
1913359465,扬州网官方微博,m,江苏 扬州,True,扬州网官方微博,73268,268311,1975
1097019341,安徽交通广播,m,安徽,True,安徽交通广播fm908官方微博,45488,358325,592
1199581807,态度岛,m,山东,True,媒体人 头条文章作者,33473,575951,357
5303222006,潍坊观察,m,山东,True,本地资讯博主 （潍坊） 时事视频博主,4971,25924,909
1647662054,新浪上海,m,上海,True,新浪上海官方微博，新浪看点上海站官方微博,66040,2396414,1585
3222992474,最爱济南,m,山东,True,知名本地博主 微博济南同城大使,65157,647375,2212
6051586800,苼南学长,m,陕西 渭南,False,,2522,216,617
6154333526,生活Video,f,山东 济南,True,生活日报旗下视频账号,3141,235412,75
2011075080,齐鲁晚报,f,山东 济南,True,齐鲁晚报官方微博,138797,11680407,1652
1232121710,山西晚报,f,山西 太原,True,山西晚报官方微博,100453,7381604,977
1975995305,西安晚报,m,陕西 西安,True,西安晚报官方微博,135017,6523217,589
3889645766,中山生活,f,广东 中山,True,微博中山同城大使 城市生活家 视频自媒体,14784,595946,485
7513635555,益路繁星,m,江苏,True,益路繁星官方微博,925,45705,59
5145725878,沸点视频,f,北京 朝阳区,True,一点资讯旗下“沸点视频”官方微博,16262,6168725,1355
7241457848,沸点正能量,f,北京,True,一点资讯旗下“沸点正能量”官方微博,1484,948028,73
2011445377,生活日报,m,山东 济南,True,生活日报官方微博,124923,6365668,1577
1774114510,最南充,f,四川 南充,True,南充广播电视报官方微博,40197,309608,505
1644855075,华商网,f,陕西 西安,True,华商网官方微博,113211,3540566,647
2118205862,宁夏新闻网,m,宁夏 银川,True,宁夏新闻网官方微博,102119,704878,2211
1910380137,江宁发布,m,江苏 南京,True,南京市江宁区委宣传部官方微博,74371,347371,710
6250824982,时间视频,m,北京,True,北京时间旗下泛资讯短视频平台,42309,8878953,568
6699995460,老王最爱的爸爸,m,陕西,False,,1044,30,109
6329600585,用户6329600585,f,其他,False,,1029,6,37
3775049941,寡人不疯癫,f,陕西 西安,False,,381,132,496
6168007956,搜狐千里眼,m,北京,True,搜狐视频新闻频道官方账号,9433,868745,5237
5876448064,青蕉视频,f,四川,True,封面新闻旗下拍客短视频官方账号,21378,4509304,159
1796087453,荔枝新闻,m,江苏,True,江苏省广播电视总台荔枝新闻客户端官方微博,94001,2443033,1070
3971293822,文摘周报,m,四川 成都,True,文摘周报 官方微博,1856,18308,345
7317902258,清风行山峦泉水注心田,m,山东 济南,False,,1928,546,1051
5888750010,六盘水日报,m,贵州,True,六盘水日报官方微博,26192,121616,245
6539873857,星星_小白鞋,m,其他,False,,444,33,51
7503289359,数字部落D-Club,m,北京,False,,113,20088,6
6796874260,老熊阿姨,f,其他,False,,12,1,251
3512765190,美丽龙潭,m,江苏 南京,True,南京市栖霞区人民政府龙潭街道办事处官方微博,14056,1135,89
6541769771,多彩贵州融媒体,m,贵州,True,贵州省多彩贵州融媒体有限公司官方微博,8730,44113,251
6336189429,策九CECHIO官方微博,m,四川,True,四川盛世共享酒业有限公司,1116,257,439
5951561977,陕西1频道,f,陕西 西安,True,陕西广播电视台陕西1频道官方微博,28341,16370,289
6368389273,上林普法,m,广西,True,上林县司法局,2427,1187,51
1280795897,今日聊城头条,m,山东,True,本地资讯博主（聊城）,33812,501874,385
6772899192,辣椒炒肉冰皮蛋糕,m,其他,False,,7355,50,464
5288553158,张胜军,m,甘肃,True,超话粉丝大咖（牛博超话） 视频博主,95264,600712,19662
3575487354,杂役另议,m,宁夏 银川,False,,81,128,157
2450173257,寰宇密码,m,吉林 延边朝鲜族自治州,False,,544,317,2377
6615580864,_ZoraR_,f,广东,False,,6800,221,1149
3163899853,大理段氏第111111代世子,m,其他,False,,1279,182,1380
7458529643,七七八八的什么都行,f,湖北,False,,698,99,193
5082050770,Gaooooooo_m,f,其他,False,,6200,91,414
2438262445,芒果只有一个酒窝,f,山西,False,,335,498,301
3279530867,辰红胜米,m,福建,False,,73,41,137
6016198408,涂山厌厌,f,广东,True,微博剪辑视频博主,346,2763,289
2506695372,哈哈哈尼丫,f,其他,False,,440,190,46
5760109888,金铂医生,m,北京,True,北京积水潭医院神经外科副主任医师  BTV《我是大医生》专家主持,1406,783578,129
1704544512,半岛网,m,山东 青岛,True,半岛网官方微博,39373,5719990,1008
7012131023,铿锵玫瑰HHYY,f,甘肃,False,,12590,21276,1834
6122599789,木子霡霂祝朱一龙0416生日快乐,f,山东,True,超话粉丝大咖（朱一龙超话）,23939,223,324
6606385492,阿卡李wow,f,河北 唐山,False,,24,10,25
6017339791,慌成一只猫,m,吉林 吉林,False,,256,25,220
1717456927,肖妈妈的暖宝宝,f,北京,True,影视制片人,43573,91502,641
6637529310,博爱定西,m,甘肃,False,,64049,25349,8746
6537842349,路明非不想远离的萌妹,f,湖南,False,,2928,42,257
5679334504,暖瞳凝,m,四川,True,娱乐博主 超话主持人（艺考超话） 微博原创视频博主 头条文章作者 教育答主,14577,399853,174
5110590449,你die在此,f,其他,True,超话主持人（一起泡茶吧超话）,6995,307,490
6111200448,校长每天都在努力学习,f,其他,False,,201,41,170
6319603697,二十一度的醋坛子翻了,f,山东,True,超话粉丝大咖（王俊凯超话）,8728,262,480
5684447385,生活怎么这么难啊啊啊,f,其他,False,,15245,142,531
5540432922,Houkle莲花池,f,广东,False,,295,83,76
1135981450,高山流水0218,m,天津 河西区,False,,17019,6107,144
5512334041,Better_Angel,f,海外 澳大利亚,False,,278,121,337
1761852577,miaoeeer,f,海外,False,,1044,522,1213
6737130775,ShiryHadmes咸金鱼,f,上海,False,,55544,868,998
5679223531,六安反邪教,m,安徽,True,安徽省六安市防范和处理邪教问题领导小组办公室官方微博,57429,4137,218
5376087003,有爱的豹豹,f,北京 朝阳区,False,,82,1511,24
2008235797,乐享职场,f,广东 广州,True,微博职场管理帐号 知名职场博主,59016,2060952,2059
5441803158,中国业主-2,m,浙江 杭州,False,,60004,634,1950
3134925031,黄山反邪教,m,安徽 黄山,True,安徽省黄山市人民政府防范和处理邪教问题办公室官方微博,66114,29466,166
1921359973,旅人说,f,广东,True,知名旅游博主,55316,2031492,1896
1998614234,健康养生诀窍,f,广东 广州,True,健康养生博主,70906,1362986,1852
2004957864,汽车眼睛,f,广东 广州,True,资深汽车达人 知名汽车博主,88154,2487226,1921
1986165552,汽车频道,m,广东 广州,True,资深汽车达人 知名汽车博主,23114,2642150,1682
2182575651,老李飞刀的叨叨刀,m,辽宁,True,健康博主,11202,13447,1418
3202540374,只如初见-93,f,黑龙江 鹤岗,False,,3521,633,243
1905912064,贵阳晚报,m,贵州 贵阳,True,贵阳晚报官方微博,64594,1746564,247
7474580207,猫博士的私生饭,f,福建 莆田,False,,899,138,196
2143396371,大新abc,f,浙江 温州,False,,6821,1111,299
1449036317,qiaopan律师,m,北京 海淀区,False,,953,261,30
3912817023,每日甜腻,m,海外 其他,True,知名情感博主,2485,1113540,87
1717941875,清添望京,m,新疆 石河子,False,,114109,3541,2338
7364805333,肖战_最美,m,其他,True,情感博主 微博原创视频博主,14538,1215,107
2660937495,我不tou井盖,m,河南,True,体育博主,17693,101549,869
5405583475,青川82233,m,其他,False,,8688,1449,781
7218060599,荷紫苏苏,m,其他,False,,1498,7,179
6965785438,嬴稷我的白月光,f,湖北,True,超话粉丝大咖（朱一龙超话）,7747,1716,196
5091956958,拱墅检察,f,浙江 杭州,True,浙江省杭州市拱墅区人民检察院官方微博,45281,11431,398
2312075675,嘟看视频,m,河南,True,河南交通广播嘟看视频微博,9922,1894108,319
6511133312,娱乐小萌主yy,f,吉林,True,知名娱乐博主 视频博主,18512,791443,12406
1390572973,Vera葳蕤,f,上海,False,,40630,877,937
3193404410,过儿-超爱kkw,m,海外 日本,False,,16814,217,546
1928420427,世界健康,f,其他,True,健康养生博主,78706,2043781,1970
1870547040,没有麻小的猫,m,上海 黄浦区,False,,17117,122,172
1924063755,成功职场,f,广东 广州,True,微博教育帐号 职场博主,84477,2027036,1921
5382251570,巽饕,f,其他,False,,3756,378,139
7503187025,海浪还是那么白,f,贵州,False,,2566,7,464
3699556554,NochnoyZvyozdopad,f,上海 静安区,False,,4957,97,302
2876416011,真性情2876416011,m,内蒙古,False,,6611,242,888
5698294577,仙山何处短松冈,m,江西 上饶,False,,73,7,143
1600648517,我想发什么用不着你管i,m,天津 和平区,False,,67704,1411,381
2588125620,宁波检察,m,浙江 宁波,True,浙江省宁波市人民检察院官方微博,32887,66747,701
1391713591,我是大林,m,江苏 南京,True,江苏电视台《零距离》节目主持人、评论员,4616,199094,705
1156483022,牛B的天天天蓝14723568456756982,m,浙江 宁波,False,,470,16,135
2476528441,且看蛟龙剑光,m,山西 吕梁,False,,17121,709,678
2881716322,又疯又贱的王大力,m,上海 虹口区,False,,8732,331,1743
1791406610,唯美心情经典语录,f,广东 广州,True,情感博主,106272,1197627,1941
1214199295,黄胜友,m,北京,True,知名军事博主 中国民俗摄影协会会士 微博原创视频博主,126974,2440651,2866
6662138204,大磨坊小磨,f,北京,True,军事博主,11327,878747,466
1578088985,忧伤珲舞,m,辽宁 鞍山,False,,21255,2732,1374
7035209982,木岑者,f,其他,False,,1646,20,134
1415676655,HERMES的小窝,m,天津 和平区,True,财经博主,99405,163683,11329
3231692260,湖南民生网,m,湖南 长沙,True,全国人社第一全媒体平台,8618,37203,178
1993342070,1039温州交通广播,f,浙江 温州,True,1039温州交通广播,57495,572800,495
5660507412,皮草丘,f,四川 成都,True,娱乐博主 超话粉丝大咖（李易峰超话）,17563,12406,170
2478145754,视青岛,f,山东 青岛,True,本地博主 （青岛）,9750,69813,261
7522798554,黑猫的男友外套,f,其他,False,,940,3,138
7521895201,暖歌健康日剂,f,江苏,False,,37,6,108
3900384085,新干发布,m,江西,True,新干县融媒体中心官方微博,16555,123609,1700
3116987960,山泉视界,f,四川,True,成都市龙泉驿区山泉镇人民政府,11156,14296,221
1887790981,广州日报,m,广东 广州,True,《广州日报》官方微博,139303,16947991,3776
2292896411,中工网,m,北京,True,中工网法人微博,125967,943401,183
1778758223,新浪看点,f,北京,True,新浪看点平台官方微博,41110,5475679,1636
2028810631,新浪新闻,m,北京,True,新浪新闻,80105,59100860,1936
2359162503,菏泽巨野县法院,m,山东 菏泽,True,山东省巨野县人民法院官方微博,183170,216605,2257
2618630987,西安网,m,陕西,True,西安网（白鸽网）www.xiancity.cn 官方微博,109347,163987,1174
2183542485,西安电视台官方微博,m,陕西 西安,True,西安广播电视台,112418,520947,2088
1656831930,环球资讯,m,北京,True,环球资讯官方微博,135538,48740751,926
2685336121,南宁晚报,m,广西,True,《南宁晚报》官方微博,93748,552378,907
5520389300,浮一大白可行,f,湖北 恩施土家族苗族自治州,False,,2174,63,430
7459836683,lucky的小欣欣,f,北京,False,,203,11,156
5720206911,dbnfpuzzle,f,其他,False,,9936,238,1562
3170247223,安徽广播电视台,m,安徽 合肥,True,安徽广播电视台法人微博,52270,1150353,442
2104669543,安徽之声,m,安徽 合肥,True,安徽广播电视台新闻综合广播,36662,117823,516
6029391312,天涯浪子金剑寒梅,m,四川,True,超话主持人（国际资讯超话）,44283,3263,945
7458054413,贵州晟黔网,m,其他,False,,599,819,31
1739548932,做一颗最会发光的小星星,m,江苏 无锡,False,,4307,394,675
6574731744,腾格图Akihi,f,湖南,False,,2211,233,803
2658565921,兔兔最爱小兔牙,f,海外,True,娱乐博主 忘羡超话粉丝大咖,2356,497,293
5634668422,偷偷难哄,f,陕西,False,,2621,85,47
7439660120,莉丽ll穆秋,f,其他,False,,710,5,119
6394829728,枫染层林醉离人,f,江西 南昌,False,,4938,67,241
1769808291,鹿鸣之喜,m,其他,False,,4491,156,854
1753275253,蔚蓝样晴空的心情,m,北京 海淀区,True,收藏博主,62145,8568,2575
2140247562,yc1937,m,江苏,False,,81894,776,2733
1044932114,愁小多丶,f,浙江,True,知名电视剧博主,65873,1069237,1908
1737938345,小虎romy,f,北京 西城区,False,,12821,502,304
1665450974,FM89杭州之声,m,浙江,True,FM89杭州之声官方微博,63453,1929575,575
2208231720,汽车展馆,m,海外 英国,True,资深汽车达人 微博汽车视频帐号 知名汽车博主,61931,3369412,1901
7278377989,Kn信数,f,山东,False,,4271,177,142
1820745800,虾剪辑,m,广东,True,电视剧博主 微博原创视频博主,16013,246231,251
7373606627,_矬小矬_,f,上海 黄浦区,False,,2896,11,190
7517583945,崔师兄看社会,m,湖北 襄阳,False,,249,3,11
1768419630,DiamondFreak-Hide,m,广东 广州,False,,2159,1119,499
3828944023,Bubblerly,f,辽宁,False,,3251,155,343
7221168915,大夫说官微,m,北京,True,《健康时报》大夫说官方微博,1619,5205,395
2096419430,蜗得天,m,浙江 杭州,True,互联网科技博主,53420,1531214,1573
3361952722,遂川政法,m,江西,True,中共遂川县委政法委员会官方微博,59313,17486,2418
5576952912,穗宝抱糖糕,f,其他,False,,7833,164,1916
6329758025,娱眸,f,山西,True,财经博主,7985,25198,203
5375603707,韩城检察,m,陕西 渭南,True,陕西省韩城市人民检察院官方微博,48658,25845,1753
6572321660,云水禅心-199003,f,新疆,False,,12,1,234
5527318107,当尾声响起,m,其他,False,,4,20,2
5964125303,涅槃_syl,m,上海,True,财经博主,5268,6677,910
2156166350,妇产科医生王玉玲,f,上海,True,上海市第一妇婴保健院辅助生殖科副主任医师,19076,3286377,1679
6514396406,熙康,f,其他,True,东软熙康健康科技官方微博,919,532,151
6124114587,千笠L,f,广东,False,,668,105,166
6249233715,迷路在你身边,f,陕西 西安,True,微博故事红人,11682,302742,251
3791405523,民商吉林,f,吉林,False,,2531,20260,320
2458438205,网观天下,m,吉林 长春,True,观网资讯,18574,608214,359
3146463564,幼稚完彡,f,澳门,True,超话小主持人（林峯超话）,4979,11052,922
3404071204,看不懂_53747,m,江西,True,问答答主,20086,371547,1131
6162067922,村民小二哥,m,云南 昭通,False,,25,3,325
3397702832,旅游专用的小马甲,m,福建 厦门,True,旅游博主,22916,122716,946
6583194313,一朵微笑的彩色云,f,海外,False,,864,692,79
7511000731,大唐盛世元年的灞柳,m,陕西,False,,170,4,374
3550179854,幽默伯爵,f,北京 东城区,True,知名搞笑幽默博主 搞笑视频自媒体,97238,419240,219
3728240585,苏州微生活,f,江苏,True,微博苏州同城大使,33599,967534,1700
1813809792,王珩珺,m,贵州 遵义,True,摄影博主 微博原创视频博主 贵州省尚天文化传媒董事长 旅行视频自媒体,17160,1118953,83
3909383956,看贵州,f,贵州,True,城市生活家 旅游博主,23318,305311,1838
5218367975,遵义市妇联,f,贵州,True,遵义市妇女联合会官方微博,1736,10935,65
5681919108,终伴,m,河南,True,情感博主 微博原创视频博主,11367,704720,1044
6471460867,遗忘的无梦无魂,m,安徽,False,,8642,245,12
6785101154,无梦无魂38355,m,其他,False,,5408,192,18
2706505797,博爱兰州,m,甘肃,True,知名本地博主 本地资讯博主（兰州） 微博原创视频博主,277482,865028,19919
6311336143,看电影资讯,m,海外,True,电影博主,8336,173858,146
2537079980,襄阳旅游,m,湖北 襄阳,True,本地资讯博主（襄阳） 旅游博主 资讯视频自媒体,12521,121737,120
6594311526,娱影之梦g,m,湖北,True,娱乐博主 问答答主,42538,212564,8221
3916458223,芒果捞扒妹,f,江苏,True,电视剧博主,12936,500560,21
5732258490,股市股道,f,海外,True,知名财经博主 微博股评团成员 头条文章作者,37582,984145,3111
3099367624,短媒,f,江苏 苏州,True,美食博主 微博原创视频博主,15207,566406,2147
5476386628,侠客岛,m,北京,True,人民日报海外版旗下账号,9465,8945102,210
6575002611,吃瓜老弟儿,m,其他,True,颜值博主 超话主持人（pa哥的窝超话）,10334,626082,141
2764120430,在你身后像暗杀一样抱住你,f,其他,False,,2961,58,750
31415926,企石Man_863,m,广东,False,,6,54,14
5043723586,烟台市人民检察院,m,山东 烟台,True,山东省烟台市人民检察院官方微博,29647,28946,1734
7489213850,用户7489213850,m,其他,False,,169,3,1
6683014984,人民好医生官方微博,f,,True,人民好医生官方微博,1082,188763,291
5458324499,空投币总司令,m,山西,True,知名情感博主,5856,1078664,314
6856901754,这就是西贝,m,其他,False,,1515,189,359
5934541885,赵瞾说事,f,海外,True,综艺博主 微博故事红人 搞笑视频自媒体 微博原创视频博主 问答答主,20352,1124535,1027
3073159104,湖州美食君,f,浙江,True,本地资讯博主（湖州） 美食视频自媒体,24015,13306,1223
3955144263,南京游讲,f,江苏,True,本地资讯博主（湖州）,10172,11337,1668
6877599874,上海女声,f,上海,True,本地博主（上海）,12579,22052,554
3870325419,湖州新鲜事,f,浙江 湖州,True,本地资讯博主（湖州） 城市生活家 旅行视频自媒体,31877,155990,2719
7302907498,玩个球,m,上海,True,微博原创视频博主,52018,281756,352
2470123875,青白江应急,f,四川,True,成都市青白江区应急管理局官方微博,37094,3450,317
3749469855,安康综合广播,f,陕西,True,FM89.7安康综合广播,2947,10321,141
5777788555,陇上旅游,f,其他,True,旅游博主 头条文章作者,16834,264797,2303
7330802982,每日话北京,m,北京 东城区,True,本地博主（北京）,6243,16832,281
2330205134,千阳县团委,m,陕西 宝鸡,True,共青团千阳县委官方微博,1635,1434,746
6935485917,潇壕,m,天津,True,军事博主 视频博主,45355,808586,11351
5172829747,漠宏庵,m,湖南,True,知名文玩收藏博主 微博故事原创作者 微博原创视频博主 头条文章作者,54054,367727,3081
1189431851,成县陈东平,m,甘肃,True,旅游博主 知政观察团成员 陈东平 微博扶贫乡村振兴助威团成员 微博原创视频博主 微博VLOG博主,99706,269255,3210
5663122911,兴若有你_花开半夏,f,其他,True,超话粉丝大咖（张艺兴超话） 头条文章作者,51985,150274,917
5666545950,指尖淮安,f,江苏,True,互联网科技博主,11160,260222,487
6086633330,福建卫生报,m,福建 福州,True,《福建卫生报》报纸,5457,5693,84
5404406646,妹醒包,m,其他,False,,2436,35,381
6300134170,勤援一胜,m,四川 南充,True,时尚博主 超话粉丝大咖（健身超话）,1289,25427,17390
6356842775,-芷桐-,f,上海,False,,721,97,101
5621790021,一句神反转,f,湖北,True,知名搞笑幽默博主 搞笑视频自媒体,86937,341827,2327
1709326700,小小小小小大夫,m,北京,True,  医师,2326,2530,322
7513511708,通鉴菌,f,其他,False,,41,3,19
6524416659,湖州同城会,f,浙江,True,湖州同城会官方微博,15137,472,261
1728626884,长兴旺,m,浙江 湖州,True,本地资讯博主（湖州） 城市生活家 微博故事原创作者 搞笑视频自媒体,34563,198948,5166
6072765077,湖州同城,m,北京,True,湖州同城官方微博,16098,12077,1035
7368782988,青县人民医院骨一科,m,河北,True,青县人民医院骨一科,5180,569,133
1050395697,新华每日电讯,m,北京,True,每日电讯微博,9383,707484,150
1074273855,赵林-甘露公益,m,甘肃,True,知名公益博主 超话粉丝大咖（博爱精神超话） 微博VLOG博主 微博原创视频博主 头条文章作者,57646,3001304,4767
1685715705,湖北城市之声,m,湖北,True,湖北城市之声官方微博,80091,5543047,616
1100160193,欣颖伊人,f,其他,True,视频博主,2821,105270,60
3903188343,重庆江北法院,m,重庆 江北区,True,重庆市江北区人民法院官方微博,10322,33471,197
3227209113,漫云弄影,f,其他,False,,674,85,121
3197050504,向零食势力低头,f,江西 南昌,False,,9520,228,249
5392590366,贵州榜哥,m,贵州,True,微博贵阳同城大使 知名本地博主 城市生活家 资讯视频自媒体 微博原创视频博主 微博VLOG博主,80662,1476727,2329
2521617504,合肥头条,m,安徽,True,微博合肥同城大使,53256,678048,1853
5316543787,亦余心之所善兮t,f,其他,False,,2454,65,109
2130835214,小美迎bot,f,安徽,True,娱乐博主 娱乐综艺视频自媒体,65,418561,745
1839320741,菁菁鹅鹅,f,浙江 宁波,False,,6515,164,2642
2998045524,苏州发布,m,江苏 苏州,True,苏州市人民政府新闻办公室官方微博,105914,2603896,871
5477702137,你笑时眼里有光,f,宁夏,False,,2773,48,79
7497875024,观海新闻视频,f,山东,True,青岛日报社（集团）观海新闻客户端视频官方微博,1627,198,77
1922623041,egmkang,m,上海 浦东新区,False,,5497,647,385
3494452802,匹克爱豌豆,f,北京 海淀区,False,,7100,223,1135
5957721298,随遇而安97816,m,广东,False,,7995,8,118
5109735263,铁血纯一,f,其他,False,,3450,465,65
2590508280,北京市石景山,m,北京,True,北京市石景山区融媒体中心,37716,453924,277
3265073712,十八公song,f,其他,False,,797,24,257
6368573103,Kikyo瞳,f,其他,False,,419,13,169
5167174385,延川检察,m,陕西 延安,True,陕西省延安市延川县人民检察院官方微博,21246,1674,287
5787187353,羊城派,m,广东 广州,True,羊城晚报报业集团官方APP羊城派官方微博,34537,129651,82
1497087080,羊城晚报,m,广东,True,羊城晚报官方微博,145435,12081446,662
1326410461,瞭望东方周刊,m,上海 徐汇区,True,瞭望东方周刊,56860,8071346,1313
6539619037,裕安政法,m,安徽,True,中共六安市裕安区委防范和处理邪教问题领导小组办公室官方微博,7512,315,173
5910124321,媒通讯,m,陕西,True,欣星文化有限公司官方微博,3020,4492,127
6505609560,烈山反邪教,f,安徽,True,中共淮北市烈山区委政法委员会官方微博,43739,513,376
5453317479,楚店政法,m,安徽 亳州,True,安徽省涡阳县楚店镇综治中心官方微博,9553,432,329
1569569157,晨报李国平,m,浙江,True,余杭晨报编辑李国平,48253,266231,1846
1698823241,澎湃视频,m,上海,True,澎湃视频官方微博,73740,6744547,463
2195600811,当代生活报,m,广西,True,当代生活报官方微博,100872,6108034,1519
2388707725,如是如是亦复如是,f,浙江,False,,2830,608,509
1941314371,rockstarbuxoxo,f,其他,False,,26763,1260,1991
1807715644,段郎说事,m,江西,True,九江市公安局民警段兴焱 超话粉丝大咖（郎摘新闻超话）,71204,4048957,1374
2617353264,落雪独飘,f,浙江 丽水,False,,1862,498,296
1865361520,刁德,m,福建 福州,True,财经博主,3450,881,437
1963863007,FM963,m,吉林 长春,True,吉林教育广播FM96.3,172048,34463,1016
1824692883,抚顺妇女,f,辽宁 抚顺,True,抚顺市妇女联合会官方微博,47926,105577,2323
5044281310,澎湃新闻,m,上海 静安区,True,澎湃新闻，专注时政与思想的媒体开放平台,84184,28224086,671
5963568963,大静是你的大静,f,浙江,False,,1049,134,409
1807058715,辽视说天下,m,辽宁 沈阳,True,辽宁卫视《说天下》栏目官方微博,55447,2394056,675
6343798553,格列佛1970,m,北京 丰台区,False,,109,18,100
6311272256,池州反邪教,m,安徽,True,中共池州市委政法委员会防范和处理邪教问题办公室官方微博,66240,67840,428
5384801243,徽州反邪教,m,安徽,True,中共黄山市徽州区委政法委员会官方微博,115565,10620,1093
6208436959,领导参阅,m,北京,True,媒体人,36881,2050595,922
5964184998,安徽反邪教,f,安徽,True,中共安徽省委政法委员会,78735,667889,1198
2375086267,参考消息,m,北京 西城区,True,《参考消息》官方微博,80491,15145255,142
3301441694,北京陈叔,m,北京 海淀区,True,微博原创视频博主,407,5430,51
6054450374,广东台触电新闻,f,广东,True,广东广播电视台触电新闻官方微博,31508,1140059,266
6997336700,用户6997336700,f,河南,False,,11,1,202
1743825024,夏叶开红药,f,北京 东城区,False,,33623,314,152
3252836023,讲师宝,m,,True,优讲师助力企业成长，讲师网官微。,4257,5774,1997
1398835600,風中微塵,f,香港,True,香港警嫂,29453,2871177,9089
5405563995,眼综合全切双眼皮修复整形重睑术,m,上海,True,上海玉丽健康管理有限公司 高中玉主任 健康博主,2585,446238,490
2678664313,中国乡村之声,m,北京 西城区,True,中央广播电视总台中国乡村之声,57308,1183060,272
1835473531,老年之声AM1053,m,北京,True,中央广播电视总台老年之声,43968,515850,279
1094736485,T花葬Y,m,江苏 南京,False,,10205,913,837
2473675252,阿超_港媒视点,m,四川,True,香港商报四川办事处副主任、记者,148260,623335,20000
1750412993,大狸猫花花,f,浙江 杭州,False,,1888,443,668
7306343752,xuaan_a,f,新疆,False,,280,282,131
2996301934,金路捷微健康,m,,True,武汉海特生物制药股份有限公司,1646,45734,2014
5594101362,七千婆婆,m,广东 河源,False,,320,849,235
6576778584,来份肥牛和烧鸭双拼,m,广西,False,,234,18,72
3959204647,桃桃桃桃桃群群,f,上海,False,,8394,331,565
3991024694,天宁司法行政在线,m,江苏 常州,True,江苏省常州市天宁区司法局官方微博,3477,22319,187
6489859714,上帝喜欢简单点,f,湖北 武汉,False,,744,38,264
1769019255,热爱生活M酱,f,上海 长宁区,False,,8061,618,251
7520248718,用户7520248718,f,其他,False,,66,312,58
1747104960,mitsu244,f,广东,True,娱乐博主,77282,2207,4262
5271985984,陈小鱼历险记,f,江苏,True,  国家一级篮球运动员,2828,663,991
1971011725,deep蚊子,f,四川 成都,False,,27991,73,468
1867987822,茶杯长了兔耳朵,f,四川 成都,False,,21572,435,1216
2407214477,内江师范学院团委学生会,m,四川 内江,True,内江师范学院团委学生会官方微博,20579,24396,477
1302377981,双鱼Amelia不不不不不太渣,f,北京 朝阳区,False,,5482,343,110
1994315765,kevin吴_random,m,陕西,False,,2081,393,169
7194801921,云泽无梦,f,北京,False,,5607,87,305
2969323952,山姥切国广的刀鞘,m,重庆 万州区,False,,3076,66,279
2764924391,不可回收老十,f,其他,False,,48068,929,680
6444229817,少侠上官,m,其他,False,,14504,38972,1184
5065886873,PRND21,m,北京,True,口腔科医生 知名汽车博主,19348,842368,1628
3932772760,勉县检察,m,陕西 汉中,True,勉县人民检察院官方微博,27002,7339,278
5380882701,潼关检察,m,陕西 渭南,True,陕西省渭南市潼关县人民检察院官方微博,64143,3903,1673
3198187532,西部法制报,m,陕西,True,《西部法制报》,30540,10606,505
3801838190,承德医学院校领导学生助理组,f,河北 承德,True,承德医学院校领导学生助理组官方微博,2661,1428,267
7154907336,温柔医叨,f,辽宁,False,,230,330,354
1806742004,吃番茄要去皮,f,四川 成都,False,,4294,240,811
2806170583,腾讯新闻,m,北京,True,腾讯新闻官方账号,23083,667386,404
1928789537,放射科杨医生,m,内蒙古,True,新城区玛拉沁医院医学影像科医师，爱问医生推荐咨询专家,8305,2032,534
7380920435,星空之下寻路人,m,其他,False,,2248,11,1041
1912586930,机器猫,m,四川,True,耳鼻咽喉科医生 科副主任 健康达人 知名健康博主 头条文章作者,1553,673980,610
1989020644,STV新闻坊,m,上海 静安区,True,上海广播电视台,20633,79824,126
2098765813,hubutoujibanjuduo,f,其他,False,,40619,543,311
6096349281,科普江华,m,其他,False,,16424,120,340
3294379171,要做快乐的向日葵,f,新疆,False,,3682,338,1890
6194701387,国产牌绿头解说,m,海南 海口,False,,151,477,28
6342994984,汽车讯,m,广东 云浮,True,资深汽车达人 汽车博主,45271,1346110,130
1989453540,汽车大王,m,广东 广州,True,资深汽车达人 知名汽车博主 头条文章作者,66298,4157139,1885
6526335455,我从崖边坠落跃入星河辽阔,f,江西,False,,2044,138,63
1930545984,好车之家,m,广东 广州,True,汽车博主 头条文章作者,57611,3238703,1655
1728348843,川页八婶,f,广东 广州,False,,112446,7008,3023
1830163777,崇安馆,m,浙江 杭州,False,,1295,1900,190
2044720695,守序邪恶山麓麓,m,福建 福州,False,,5520,228,774
5462392122,叶小姐的下午茶,f,其他,False,,1574,17,144
1765891182,厦门日报,m,福建,True,厦门日报官方微博,116823,871413,907
6905949766,大头俊康,m,海外 马来西亚,False,,4206,1272,882
1982048025,母婴健康录,f,广东 广州,True,微博母婴育儿帐号 母婴育儿博主,60431,2147007,1893
5745605222,郑州高校,f,河南,True,校园资讯博主（郑州） 资讯视频自媒体,17364,63475,59
5736214619,平顶山校园,f,河南 平顶山,True,校园资讯博主（平顶山） 资讯视频自媒体,17576,89956,38
5768323809,电影呀,f,河南 郑州,True,电影博主,14860,203481,39
5768131694,电影公,m,北京,True,知名电影博主,19429,226770,104
5659214125,娱乐芒,f,河南,True,娱乐博主,13062,349209,63
2679594115,烂片儿,f,上海,True,媒体人 电影博主,16590,423035,160
5734183839,娱圣人,f,北京 东城区,True,娱乐博主,21186,514755,44
5734950274,更综艺,f,北京 东城区,True,娱乐博主,20969,561921,72
5445490692,综艺蜀黎,m,北京 东城区,True,娱乐博主,21385,668537,70
5735394651,更明星,f,北京 东城区,True,娱乐博主,21874,763907,109
6116774610,NBAor,f,北京,True,体育博主,20331,919269,125
5734880319,电影儿,m,北京,True,电影儿栏目 主编、资深影评人,25075,1807391,127
5646436236,一部,m,其他,True,知名电影博主 电影达人,33230,2917133,284
3621125874,法硕考研辅导,m,重庆,True,教育博主,411,22931,114
6360638840,汽车视界,m,广东 广州,True,资深汽车达人 知名汽车博主,44171,3013985,159
1152516375,豆豆豆子-suk,f,其他,False,,37861,296,667
1930547414,全球养生,m,上海,True,健康养生博主,63040,1461488,1838
2968937324,文博微摘,m,广东 东莞,False,,101066,910,36
3297816822,钢大木喵,m,其他,False,,7349,240,221
7396268127,平淡三代,f,海外,False,,5306,342,1387
2799621212,寻人总动员鸣警,m,江苏 宿迁,True,超话主持人（紧急寻人超话） 头条文章作者,75570,4055306,785
6084206620,猫空影视君,f,北京,True,电影博主 电影答主,17582,608690,135
3597270044,乐享一派,m,其他,False,,131,95,108
6796126241,斑马书影墙,f,北京,True,电影博主 电影答主,19068,530111,64
2636901392,青春湖工,f,湖北,True,共青团湖北工程学院委员会官方微博,10773,11905,657
3914331370,拥有彩虹毛衣的学术,f,其他,False,,1995,337,145
6893565617,掬水先生的季节,m,其他,False,,11008,115,41
1662766362,刘春,m,北京,True,资深媒体人,34569,12819766,999
1647209574,二狗,m,北京,True,旅行视频自媒体,7349,598892,1622
5075579048,漫画家-那个黄同学,m,江苏 苏州,True,漫画家黄哲，代表作《黄同学漫画中国史》、《黄同学漫画二战史》 知名搞笑幽默博主,45671,8644038,125
2123979195,来兮子,m,其他,False,,37004,64,481
5566882921,西安月老牵线,m,陕西 西安,True,本地资讯博主（西安）,20104,366540,1995
6115560351,国是直通车,f,北京 西城区,True,中新社“国是直通车”官方微博,54755,3964369,513
5925617199,北京时间,f,北京,True,北京新媒体（集团）有限公司官方微博,20318,602883,490
1789898095,徒然王女toys,f,江苏 南京,False,,25586,736,2245
6499327884,等闲无关风与月,f,其他,False,,14167,178,1143
6315342760,养车用车,m,广东 广州,True,资深汽车达人 汽车博主,14736,1498742,132
6318862273,_早早睡早早起身体好,f,广东,False,,3501,57,161
2849066081,电影怅客,m,其他,True,知名电影博主 电影视频自媒体 微博剪辑视频博主,30521,4064935,249
6438983878,金金学姐,f,广东 广州,True,情感博主 微博造浪计划 校园生活分享官 微博原创视频博主,22131,1055601,721
5854713628,娱透少女,f,浙江 杭州,True,娱乐博主 超话小主持人（a在水一方超话） 微博VLOG博主 微博原创视频博主,17765,1148356,2914
2789942695,米格战斗飞机联合体,m,西藏,True,知名航空博主,84282,1741142,3042
1853959492,琳露露露,f,上海 长宁区,False,,15448,333,769
2136477543,开封市教育局,m,河南 开封,True,开封市教育局官方微博,19687,16347,502
6532022939,碎月叮当响,m,天津,False,,5047,21,119
6303498198,tangshan冬哥,m,河北,False,,23996,2339,964
2618211747,416号小橘饲养员饼饼饼饼饼砸,f,海外,True,动漫博主,22569,479,1269
2051258110,河北新闻网冀看点,m,河北,True,河北新闻网“冀看点”栏目官方微博,54311,261504,1008
6399193384,花朵财经,m,北京,True,花朵财经 主编,34262,654301,294
5463062329,bigpanda2021,m,陕西,False,,4431,1070,217
5628623163,卜卜爱吃素,f,陕西 西安,False,,6719,337,596
6128606584,风雨潇湘行,m,湖南,False,,5056,48,340
7348163831,大蒜头瓣,f,陕西 西安,False,,4297,52,809
3307702177,南宫威震天,m,山东 临沂,False,,2630,34,270
1735467500,7号少女兔,f,辽宁 沈阳,True,超话粉丝大咖（鹿晗超话）,29300,1625,363
5789583206,奉安君,m,内蒙古 呼和浩特,False,,16988,234,2034
2816049090,留声机919,m,北京 海淀区,False,,5635,313,450
7505621958,一只中二果果,m,上海,False,,1026,20,135
1786248195,Alps瑶要淡定,f,广东 广州,False,,18300,572,346
2941803627,BFTK线向上,m,江苏,True,知名财经博主,54205,98442,1170
1503018310,厄弼墨透斯,m,北京,False,,46001,4245,766
5802300424,ant-star,f,上海,False,,10962,162,220
1222048541,经商哲学88,m,北京 东城区,True,超话主持人（经商哲学88情感人生超话） 情感博主 头条文章作者,15273,62641,37
1406054250,拳拳爆锤贱蛆,f,海南,False,,3815,425,455
1297646225,春春_大器晚成小狮子,f,上海,False,,16344,1013,1129
7346944372,每日军视,f,北京,True,军事博主 超话粉丝大咖（军事集结号超话） 问答答主,33020,373697,257
5945562156,就呆着不走了,f,其他,False,,35064,33,423
1738180422,勿忘耻,m,广东 广州,False,,6555,770,1317
1852645484,袖珍姑娘之上官齐玉,f,广东 广州,False,,2458,142,207
5936977968,很多很多蛮牛在柳丁脚踏车上,f,内蒙古,False,,754,51,607
1772571002,珠珠吾系猪猪楮楮渚渚,f,广东,False,,43657,1555,2335
2329383822,医生你看我男神的发际线还有救吗,f,海外 意大利,False,,46560,413,648
6035589893,董四层的老李头,f,湖北,True,超话粉丝大咖（董思成超话）,18448,182,230
1231222872,-豆豆猫,f,广东 广州,False,,987,231,214
5226282512,深入人心C929,f,辽宁 丹东,False,,1360,84,148
5527402877,养不熟狼,m,广东 阳江,False,,1432,339,366
7517738277,酒酒宝子姜,m,北京,False,,156,2,33
2909531257,叮叮小仙女Vi,f,陕西,False,,124,1646,194
7143724983,我怎样都与女无瓜,f,其他,False,,1268,14,211
1450309337,蝎子烦,m,辽宁 大连,False,,1882,564,1717
1942391505,紫气东来乐宝妈,f,广东 广州,False,,4553,581,1354
7463053501,星辰大海3501,m,其他,False,,2,1,1
2934867905,SOIIZE,m,广东 深圳,False,,22,140,101
6486113451,活在江门的过客,m,北京,False,,1247,2,81
7523027375,福尔摩斯的小跟班啊,f,河南,False,,151,50,112
5974635651,XIN待季风,f,山东,False,,24422,1632,1678
7389307700,摇荡于四季更迭,f,其他,False,,299,9,54
7518283352,油炸果子配橙汁儿,m,海外,False,,70,3,24
1680617814,蘸醋君想发财,f,广东,False,,13285,125,981
5973189232,一块钓鱼的蚯蚓饼干,f,重庆,False,,429,31,33
1503767972,汪亚民,m,北京 东城区,True,头条文章作者,98809,148430,5665
5717979999,芳月YF,f,河南,True,时尚美妆视频自媒体,29,204394,469
2462747413,东京八十万萝莉教头喵帕斯,f,河南 郑州,False,,26563,65,307
1717343890,Joy8090,m,浙江 杭州,True,财经博主,924,2095,173
1575563332,尘埃落定的安稳_不离不弃的笃信,f,其他,False,,10829,668,104
1720348715,狐笨笨,f,黑龙江 哈尔滨,True,搞笑幽默博主,4449,815,328
5186265158,青县司法,m,河北 沧州,True,河北省沧州市青县司法局官方微博,36277,33659,7951
6421364037,三诺葡萄糖补水液,m,河南,True,河南三诺食品集团有限公司官方微博,1268,535,346
1772440677,疫苗与科学,m,上海,True,微博2016十大影响力医疗大V 超话粉丝大咖（疫苗超话）,57737,4766324,882
1924248512,鏡神楽,m,其他,True,国家二级心理咨询师 动漫博主,18509,2407,448
1823317851,顾玉绮-村草夫人,f,上海 黄浦区,True,超话粉丝大咖（钟汉良超话）,47043,858,1231
274559962,戒灵依恋症的丘丘,女,广东,True,电影博主,33436,1623,3822
7467038431,你总不能白来一次人间,女,广东,False,,5845,15,226
5231376830,山河枕余生,女,其他,False,,308,24,359
7333460957,夏风如梦,女,海外,False,,3405,2,201
623696123,雾雨则纱,男,海外,True,动漫博主,51325,2094,875
2882168422,莫伊黑白是勇者,男,浙江,False,,12972,835,1822
2505755342,高雄改drei,男,广东,False,,69241,1416,1144
2091531705,你看这只舰狗,女,海外,True,美食博主,46979,34691,889
3783157493,龍宮輝夜,女,海外,True,知名美食博主 头条文章作者,121635,211469,666
1243352187,苏芬以北NorthernAKP,男,山东,True,军事博主,36425,1131686,994
2460920684,职院学生0803,男,山东,False,,66014,2023,813
58371,新浪新闻客户端,男,北京,True,新浪新闻客户端官方微博,79459,43166678,409
1871855865,卡李,男,天津,False,,246007,23401,586
7267528340,Ming_014,男,海外,False,,2446,117,335
2169086183,新年想换个新名字,女,北京,False,,57358,53,77
2338613982,陌悠悠MOYOUYOU,男,其他,True,头条文章作者,60648,7983,1057
2244395094,勺子漏了糖,女,江苏,False,,753,186,553
7199775514,something_suga,男,山东,False,,9050,42,58
1242388827,荀夜羽,男,海外,True,作家、中国风音乐团队墨明棋妙成员,70550,691114,1213
1238413861,春水无觞,男,北京,False,,60352,4939,1488
47994308,糯米_丸子,女,海外,False,,11418,1766,291
271503344,独立猫爪,女,其他,False,,14563,1539,478
2736104560,真空的DiaCrevasse,女,其他,True,动漫博主,37927,526,287
1094897495,Prin-z,男,广西,False,,13593,633,1108
575544195,Davice,男,广东,False,,88600,1085,725
6161739728,揽九天明月仰谋圣风姿,女,安徽,False,,14092,184,978
5597678980,老猫想事情,男,江苏,False,,5687,1286,364
1769802145,伍柒_就是那么机智,女,安徽,False,,9412,953,319
1749931815,都市废人叶小落,女,天津,True,动漫博主,134438,3900,4917
207241345,湾湾是小老虎,男,其他,False,,167074,6231,1424
6579285471,十年寒窗咋都没冻死我捏,女,其他,False,,354,259,298
1568391047,月猫铃铛巫喵王,女,其他,True,搞笑幽默博主,77740,4196,1621
1316222597,林水妖,女,北京,True,图书策划人、作家,58048,465950,1811
434910456,TomXiaoXu,男,天津,False,,71471,2766,604
6431446580,不是内个李狗蛋,男,北京,False,,11330,77,309
2286908003,人民网,男,北京,True,人民网法人微博,194738,79393922,1038
6360828407,甜甜的多巴胺Crazy,女,海外,True,互联网科技博主 微博原创视频博主,1616,143975,129
317894677,Dr_任,男,山东,True,青岛市妇女儿童医院 副主任医师 视频博主 头条文章作者,36940,2090665,3304
2646882747,文明大兴,男,北京,True,北京市大兴区精神文明建设委员会办公室官方微博,48034,10716,492
3094433924,每日甜份,女,四川,True,知名情感博主,6562,2641760,221
2656274875,央视新闻,男,北京,True,中央电视台新闻中心官方微博,143773,119762278,2714
1310263035,炭烧油条,男,海外,False,,4831,269,774
5617030362,中国长安网,男,北京,True,中央政法委新闻网站官方微博,43475,15857865,1163
3856142061,陕西政法,男,陕西,True,中共陕西省委政法委员会官方微博,39542,64377,870
5103458366,路诞先生,男,海外,True,互联网科技博主 超话主持人（路诞先生超话）,8283,839747,915
1686546714,环球网,女,北京,True,环球网微博,123703,24049611,1443
1893278624,深圳特区报,男,广东,True,深圳特区报官方微博,113252,8306929,821
2318265821,半月谈,男,北京,True,半月谈杂志社法人微博,73391,15692356,1450
1435329210,赵先德,男,广东,True,中国作家协会会员 导演 代表作动画片《孔子》,5291,1092550,2048
841226019,嵩树下胡逗比的妖娆,女,北京,True,音乐博主,4530,3812,549
6355859342,歪比巴卜zl,男,江苏,False,,254,97,63
5235430011,哆啦A梦的大口袋y,女,海外,True,娱乐综艺视频自媒体,11389,11619,1694
6111200448,校长每天都在努力学习,女,其他,False,,212,41,175
5540432922,Houkle莲花池,女,广东,False,,311,85,81
6038922387,乔凯文,男,其他,True,互联网科技博主,4468,2060856,1180
3183107112,检察日报,男,北京,True,《检察日报》官方微博,62482,3193481,1272
1977460817,央视网快看,男,北京,True,央视网快看官方账号,179237,5300891,902
5875177784,孤傲与野,男,山东,True,搞笑幽默博主 视频自媒体 超话主持人（这家伙真酷超话）,8005,1050572,5398
6511133312,我是娱乐小萌主,女,吉林,True,知名娱乐博主 视频博主,18858,797945,12491
210106501,创业新青年,男,北京,True,新视窗文化传播人力资源部经理  苗清华 ,59482,149207,2666
871202117,小野奶橘猫,女,海外,True,动漫博主,74131,5318,888
2323366973,德阳茶人,男,四川,True,互联网科技博主,174635,11853,2003
5666656979,大师有画好好说,女,广东,False,,442,26249,1700
702563965,轩辕趙熙,男,河北,False,,15876,4625,1864
2231085482,吴大仙儿儿,男,河北,True,“美女手绘楼梯画”作者,5637,948,950
2606218210,中国妇女报,女,北京,True,《中国妇女报》是全国妇联机关报,65262,11844395,2006
5342168018,大连成,男,辽宁,True,本地资讯博主（大连） 资讯视频自媒体,34277,1129699,462
31415926,橡实,男,北京,False,,42250,37688,3867
5979495016,许超医生,男,山东,True,微博2019健康医疗最受欢迎医生 知名健康博主 头条文章作者,21154,1594037,910
3141296113,协和医生Do先生,男,湖北,True,微博2020人气健康医疗大V 健康博主,1675,3893287,197
5647310207,林登万大人,男,上海,False,,12200,484865,621
2105807580,法医秦明,男,安徽,True,副主任法医师，《法医秦明》系列小说作者，果壳医药领域达人,13310,5707224,3187
5269742309,很丧很丧的千阙,女,安徽,False,,2282,43,322
5539942255,余生Yu_s,女,广东,False,,535,189,99
1642512402,中国新闻周刊,男,北京,True,中国新闻周刊官方微博,166395,59915262,3087
5943595658,一手Video,男,北京,True,一手Video官方微博,66439,8240783,935
234494265,娱乐娘,女,北京,True,知名娱乐博主,21712,1189149,178
575511357,寻梦自然,男,山东,True,山东环境保护基金会 工作人员,53002,632117,2670
515609567,阿猫追剧,男,广东,True,知名电影博主 微博故事红人 微博原创视频博主 微博造浪计划 校园生活分享官,35460,1172252,452
5854713628,娱透少女,女,浙江,True,娱乐博主 微博VLOG博主 微博原创视频博主,17984,1147465,2844
317318333,Ryuzo,男,广东,False,,13376,728,323
234620121,临汾美食君,男,山西,True,微博监督员  本地博主（临汾）中国图库摄影师 美食博主 超话主持人（临汾超话） 资讯视频自媒体 视频博主,23601,157597,2019
314506000,天蝎座傻猫养了很多猫,女,北京,False,,80747,6879,292
3045988600,-一切刚刚好-,女,其他,False,,993,62,131
1841280751,Mr_TaN_Jin,男,广东,False,,950,272,397
1775407241,川野巫渡,男,四川,False,,89,1202,178
2268323060,青青子衿9183,女,四川,False,,2929,760,498
2273220572,杨闭月_yyt,女,湖南,False,,2311,438,410
2658936811,骨董行,男,浙江,True,知名文玩收藏博主 微博人文艺术帐号 微电商达人 历史视频自媒体,22303,298679,803
5833359023,填鸭式教育受害者,男,广东,True,知名汽车博主,78972,734097,1773
2462747413,东京八十万萝莉教头喵帕斯,女,河南,False,,27594,67,341
